doc_id,start_pos,end_pos,surface,type,identifier
document_000004.html,71,77,Busont,PER,Q219551
document_000004.html,124,164,cia funebre dell’imperatore Massimiliano,MISC,NIL
document_000005.html,46,52,Schalk,PER,Q79026
document_000005.html,72,92,gran maestro di Bonn,PER,Q255
document_000005.html,137,147,Mengelbere,PER,Q336725
document_000006.html,132,147,alla pera d’oro,LOC,NIL
document_000006.html,208,217,Guarnieri,PER,Q1165357
document_000006.html,249,258,Guarnieri,PER,Q1165357
document_000006.html,224,230,Wendel,PER,Q1303289
document_000007.html,36,51,Quinta sinfonia,MISC,Q188709
document_000007.html,89,96,Nikisch,PER,Q57210
document_000007.html,121,131,Mengelberg,PER,Q336725
document_000008.html,356,363,Cellini,MISC,Q277846
document_000009.html,109,122,delVPAugusteo,LOC,Q3616668
document_000009.html,291,296,Reger,PER,Q57139
document_000010.html,84,96,all’Augusteo,LOC,Q3616668
document_000011.html,0,6,Coates,PER,Q1230717
document_000011.html,358,364,Coates,PER,Q1230717
document_000012.html,222,231,Guarnieri,PER,Q1165357
document_000013.html,37,45,Juventus,MISC,Q109001794
document_000013.html,52,60,DiSabata,PER,Q464890
document_000013.html,662,674,all’Augusteo,LOC,Q3616668
document_000013.html,755,763,Molinari,PER,Q2619703
document_000014.html,53,65,Santoliquide,PER,Q3817387
document_000014.html,71,77,Sorima,PER,NIL
document_000014.html,83,92,Tarantini,PER,NIL
document_000014.html,127,131,Fano,PER,Q3779156
document_000014.html,133,146,dell’Agostini,PER,Q3855836
document_000014.html,194,203,Marinuzzi,PER,Q3106818
document_000014.html,209,218,Guarnieri,PER,Q1165357
document_000015.html,129,162,Messa per coro a tre voci dispari,MISC,NIL
document_000016.html,3,17,Inno trionfale,MISC,NIL
document_000016.html,72,116,Le sette parole » per coro e grand’orchestra,MISC,Q1219505
document_000017.html,136,176,La Musica dell’Antichité e del Medio Evo,MISC,NIL
document_000017.html,179,197,Tancredi Mantovani,PER,NIL
document_000017.html,364,406,La Musica dal Rinascimento alepoca moderna,MISC,NIL
document_000018.html,212,225,Nelia Rivalta,PER,NIL
document_000018.html,263,270,Caccini,PER,Q215308
document_000019.html,157,172,.Sfadio di Roma,LOC,NIL
document_000019.html,264,268,Azda,MISC,Q171277
document_000019.html,376,384,Molinari,PER,Q3725923
document_000019.html,396,405,Argentini,PER,NIL
document_000019.html,412,419,Consoli,PER,Q109860310
document_000020.html,354,362,Turandot,MISC,Q2843864
document_000020.html,369,379,Arlecchino,MISC,Q922043
document_000022.html,42,50,Turandot,MISC,Q354748
document_000022.html,166,176,Arlecchino,MISC,Q922043
document_000024.html,107,114,Zabarro,MISC,Q468235
document_000024.html,217,223,Marini,PER,Q6700083
document_000024.html,226,235,Piccaluga,PER,Q20006109
document_000024.html,252,259,Galeffi,PER,Q1154378
document_000025.html,87,93,Galefh,PER,Q1154378
document_000025.html,95,106,il /alsfaff,MISC,Q318455
document_000025.html,332,342,De Hidalgo,PER,Q465195
document_000025.html,355,362,Hackett,PER,Q767676
document_000025.html,378,385,Galeffi,PER,Q1154378
document_000025.html,399,409,De Angelis,PER,Q2536286
document_000025.html,412,420,Azzolini,PER,Q16268143
document_000026.html,35,51,Maestrit Canfori,MISC,Q465540
document_000026.html,213,222,Wildbrunn,PER,Q89504
document_000026.html,227,233,Galefi,PER,Q1154378
document_000026.html,239,249,De Angelis,PER,Q2536286
document_000027.html,344,348,Rota,PER,Q97571478
document_000027.html,350,360,Rovescalli,PER,Q94288706
document_000027.html,362,371,Marchioro,PER,NIL
document_000027.html,373,380,Santoni,PER,NIL
document_000027.html,383,389,Grandi,PER,NIL
document_000028.html,85,97,Maria Avezza,PER,NIL
document_000028.html,199,216,Mafalda de Voltri,PER,NIL
document_000028.html,245,258,Anna Gramegna,PER,Q102075886
document_000028.html,274,292,Auna Masetti Bassi,PER,NIL
document_000028.html,294,313,Margherita Sheridan,PER,Q6759227
document_000028.html,315,326,Giulia Tess,PER,Q63479708
document_000028.html,328,339,Mita Vasari,PER,NIL
document_000028.html,358,372,Noretta Zonghi,PER,NIL
document_000029.html,153,167,Mario Frigerio,PER,NIL
document_000032.html,120,125,Longo,PER,Q1934977
document_000032.html,127,134,Cantani,PER,NIL
document_000032.html,136,145,Viterbini,PER,NIL
document_000032.html,147,157,Parmiciano,PER,NIL
document_000032.html,160,167,Scarano,PER,NIL
document_000032.html,215,225,Olga Greco,PER,NIL
document_000032.html,228,238,Rina Rossi,PER,NIL
document_000032.html,376,393,Sonata a Kreutzer,MISC,Q1154601
document_000032.html,546,553,Consolo,PER,Q16189778
document_000032.html,562,576,Tina Filipponi,PER,NIL
document_000033.html,165,172,Riboldi,PER,NIL
document_000033.html,177,189,Notargiacomo,PER,NIL
document_000033.html,191,201,1’Agozzino,PER,NIL
document_000033.html,215,224,Minghetti,PER,NIL
document_000033.html,258,270,dall’America,LOC,Q828
document_000033.html,334,343,Polveroni,PER,NIL
document_000035.html,92,99,Ranuzzi,PER,Q1442098
document_000035.html,233,238,Rella,PER,NIL
document_000035.html,245,252,Sistina,ORG,Q1236085
document_000035.html,259,264,Boezi,PER,Q29646877
document_000038.html,96,100,Roma,LOC,NIL
document_000038.html,210,218,Augusteo,LOC,Q3616668
document_000038.html,229,237,Costanzi,LOC,Q1050350
document_000039.html,159,176,Aristide Sartorio,PER,Q1062517
document_000041.html,415,433,Teatro dei Piccoli,LOC,NIL
document_000041.html,510,520,Ciottolino,MISC,NIL
document_000042.html,33,41,Molinari,PER,Q2619703
document_000043.html,111,129,/mpressioni pagane,MISC,NIL
document_000043.html,168,175,Mantica,PER,NIL
document_000044.html,354,361,Mantica,PER,NIL
document_000044.html,430,440,l’Augusteo,LOC,Q3616668
document_000045.html,34,42,Molinari,PER,Q2619703
document_000045.html,451,458,Mantica,PER,NIL
document_000046.html,41,57,Alberto Veggetti,PER,NIL
document_000046.html,68,83,Riccardo Scozzi,PER,NIL
document_000046.html,92,105,Carlo Luperti,PER,NIL
document_000046.html,120,139,Marsilio Ceccarelli,PER,Q102289005
document_000046.html,149,164,Gino Barabaschi,PER,NIL
document_000047.html,32,41,Ida Ricci,PER,NIL
document_000047.html,56,72,Giuditta Sartori,PER,NIL
document_000048.html,44,60,Sonata in Za mix,MISC,Q3073254
document_000049.html,105,110,Ricci,PER,NIL
document_000049.html,121,128,Sartori,PER,NIL
document_000050.html,106,132,Societa Amici della Musica,ORG,NIL
document_000050.html,144,158,Eugenio Albini,PER,Q124499318
document_000050.html,176,188,Augusta Coen,PER,NIL
document_000050.html,227,247,Giornale della donna,ORG,Q3794191
document_000051.html,0,29,Nell’oratorio di San Marcello,LOC,Q1165020
document_000051.html,92,99,Zuccari,PER,NIL
document_000051.html,121,135,Cardenio Botti,PER,Q100077371
document_000051.html,153,163,l’Alaleona,MISC,Q2262438
document_000051.html,247,265,Casa degli Artisti,LOC,Q3661195
document_000052.html,2,7,Botti,PER,Q100077371
document_000052.html,576,581,Botti,PER,Q100077371
document_000052.html,141,155,Libuje Bohmova,PER,NIL
document_000052.html,184,200,Amelia Catenacci,PER,NIL
document_000052.html,400,411,Guido Guida,PER,NIL
document_000052.html,467,484,Vergine Benedetta,PER,Q345
document_000052.html,713,732,Circole Marchigiano,ORG,NIL
document_000052.html,733,749,Elena D’Ambrosio,PER,NIL
document_000052.html,854,865,La felicita,MISC,NIL
document_000053.html,9,19,D’Ambrosio,PER,NIL
document_000053.html,57,62,Bozza,PER,Q918509
document_000053.html,325,330,Bozza,PER,Q918509
document_000053.html,237,254,Dario Vayra Gallo,PER,NIL
document_000053.html,243,248,Vayra,PER,NIL
document_000053.html,333,338,Vayra,PER,NIL
document_000053.html,404,418,Cardenio Botti,PER,Q100077371
document_000054.html,12,28,Maria Capoccetti,PER,NIL
document_000054.html,210,215,Baton,PER,Q715900
document_000054.html,257,274,Emanuele Riadnoff,PER,NIL
document_000054.html,323,337,Cirvcolo Russo,ORG,NIL
document_000055.html,163,176,Sala Nazareno,LOC,NIL
document_000057.html,75,91,Marcia trionfale,MISC,NIL
document_000057.html,94,104,Vouverture,MISC,NIL
document_000057.html,111,120,Cleopatra,MISC,NIL
document_000057.html,122,141,I voti di S. Chiara,MISC,NIL
document_000057.html,145,187,Lf Corteo imperiale nella valle di Spoleto,MISC,NIL
document_000058.html,36,47,Ada La Face,PER,NIL
document_000059.html,228,247,Don Filippo Caetani,PER,NIL
document_000059.html,261,266,Peano,LOC,Q58905
document_000059.html,284,295,Donna Elena,PER,NIL
document_000059.html,364,379,Giunone placata,MISC,NIL
document_000060.html,59,64,Pangi,LOC,Q90
document_000061.html,37,44,Borroni,PER,Q600955
document_000062.html,44,49,Monti,PER,Q723643
document_000062.html,54,63,Laroberti,PER,NIL
document_000062.html,68,78,Compagnoni,PER,NIL
document_000062.html,84,94,Policastro,PER,NIL
document_000062.html,244,252,Callizoe,MISC,NIL
document_000062.html,311,327,Naso in pericolo,MISC,NIL
document_000062.html,381,415,supplemento ai vocabolari italiani,MISC,NIL
document_000063.html,2,12,Pitagorici,MISC,NIL
document_000063.html,32,43,Pittagorici,MISC,NIL
document_000064.html,3,10,Florimo,PER,Q252228
document_000064.html,33,61,La Scuola Musicale ai Napoli,MISC,NIL
document_000064.html,182,192,Pitagorici,MISC,NIL
document_000066.html,94,104,Stratonica,MISC,NIL
document_000066.html,174,182,Lamberti,PER,Q22287284
document_000066.html,467,476,Jannicolo,PER,NIL
document_000066.html,503,509,Gianni,PER,Q1441051
document_000067.html,72,77,Rocca,PER,Q3817438
document_000067.html,171,184,Cella azzurra,MISC,NIL
document_000067.html,252,260,Augusteo,LOC,Q3616668
document_000067.html,285,323,Mostra italiana del novecento musicale,MISC,NIL
document_000068.html,176,197,R. Conserv.di Palermo,ORG,Q3687235
document_000068.html,236,258,Vito Trasselli Varvaro,PER,NIL
document_000069.html,208,215,Vestale,MISC,Q3820083
document_000069.html,233,251,Teatro di Altamutr,LOC,Q46498333
document_000070.html,70,77,Carelli,PER,Q5372752
document_000070.html,168,182,Colonia libera,MISC,NIL
document_000070.html,206,213,Lorenza,MISC,NIL
document_000070.html,217,227,Mascheroni,PER,Q3719624
document_000070.html,255,263,Giordano,PER,Q294826
document_000071.html,46,56,Margherita,PER,NIL
document_000071.html,76,85,Desdemona,PER,NIL
document_000071.html,86,98,nell’Ovtedlo,MISC,Q172324
document_000071.html,103,111,Santuzza,PER,NIL
document_000072.html,4,27,Giovane Lirica Italiana,ORG,NIL
document_000072.html,106,120,Vicolo Morgana,LOC,NIL
document_000072.html,139,149,via Tnbuna,LOC,NIL
document_000073.html,14,21,Rizzoli,PER,NIL
document_000073.html,144,155,Guglielmina,PER,NIL
document_000073.html,162,173,Swor Teresa,MISC,NIL
document_000073.html,177,199,Teatro Santa Radegonda,LOC,NIL
document_000073.html,216,235,Compagnia Barracani,ORG,NIL
document_000074.html,74,91,Ingenua di Parigi,MISC,NIL
document_000074.html,98,115,Fuoco al Convento,MISC,NIL
document_000074.html,123,146,Signora di Saint Tropez,MISC,NIL
document_000074.html,154,160,Teresa,MISC,NIL
document_000074.html,186,206,Biricchino di Parigi,MISC,NIL
document_000075.html,6,25,compagnia Barracani,ORG,NIL
document_000075.html,29,36,Rizzoli,PER,NIL
document_000075.html,59,66,Arcelli,PER,NIL
document_000075.html,165,172,Cazzola,PER,Q3680481
document_000076.html,90,97,Cazzola,PER,Q3680481
document_000077.html,87,93,Romani,PER,NIL
document_000077.html,167,174,RizZoli,PER,NIL
document_000078.html,8,25,Angelo Bartelloni,PER,Q102284384
document_000078.html,206,226,La forza del Violino,MISC,NIL
document_000079.html,108,118,Frezzolini,PER,Q451231
document_000080.html,93,100,La Maio,PER,NIL
document_000080.html,112,124,Mariano Neri,PER,NIL
document_000080.html,140,145,Proni,PER,NIL
document_000081.html,123,130,Bellini,PER,NIL
document_000081.html,166,175,Gaggiotti,PER,NIL
document_000081.html,184,202,ValentiniCristiani,PER,NIL
document_000081.html,221,225,Buti,PER,Q962487
document_000082.html,59,64,Nigra,PER,Q962574
document_000082.html,94,125,Societa italiana di beneficenza,ORG,NIL
document_000083.html,61,72,Don Bartolo,PER,NIL
document_000083.html,128,140,Enrico Topai,PER,NIL
document_000083.html,260,266,Fagott,PER,NIL
document_000083.html,287,294,Favoria,MISC,Q467394
document_000084.html,96,104,Pedrotti,PER,Q766389
document_000084.html,211,225,PozziBranzanti,PER,Q26196588
document_000084.html,237,244,Minetti,PER,NIL
document_000084.html,248,257,Dal Negro,PER,NIL
document_000084.html,264,271,Borella,PER,NIL
document_000085.html,3,8,Pozzi,PER,Q26196588
document_000085.html,136,141,Pozzi,PER,Q26196588
document_000085.html,165,172,Minetti,PER,NIL
document_000085.html,223,230,Steller,PER,Q102288831
document_000085.html,232,238,Figaro,PER,NIL
document_000085.html,264,271,Borella,PER,NIL
document_000085.html,274,281,Laterza,PER,NIL
document_000086.html,22,30,Squarcia,PER,Q102279050
document_000086.html,177,185,Squarcia,PER,Q102279050
document_000086.html,117,139,il Barbiere di Sivigha,MISC,Q208659
document_000087.html,61,72,Don Bartolo,PER,NIL
document_000087.html,128,140,Enrico Topai,PER,NIL
document_000087.html,260,266,Fagott,PER,NIL
document_000087.html,287,294,Favoria,MISC,Q467394
document_000088.html,98,106,Pedrotti,PER,Q766389
document_000088.html,239,246,Minetti,PER,NIL
document_000088.html,254,259,Negro,PER,NIL
document_000089.html,20,25,Guidi,PER,NIL
document_000089.html,394,399,Guidi,PER,NIL
document_000089.html,114,120,Amelia,PER,NIL
document_000089.html,166,175,Gazzaniga,PER,Q1764831
document_000089.html,235,243,Anastasi,PER,NIL
document_000090.html,0,4,Grau,PER,Q55720644
document_000090.html,132,137,Guidi,PER,NIL
document_000090.html,293,302,Gazzaniga,PER,Q1764831
document_000091.html,70,86,Aristide Gandrey,PER,Q108614921
document_000091.html,124,140,Figaro di Parigi,ORG,Q216047
document_000091.html,292,301,Zanardini,PER,Q3617278
document_000093.html,3,18,teatro Brunetti,LOC,Q3516753
document_000093.html,130,137,Emanuel,PER,Q3767166
document_000093.html,179,185,Odette,MISC,NIL
document_000093.html,335,349,Stella Bonheur,PER,Q102075957
document_000094.html,65,80,teatro Cemunale,LOC,NIL
document_000096.html,0,8,Nouvelli,PER,Q20006145
document_000096.html,194,202,Nouvelli,PER,Q20006145
document_000096.html,360,370,Telramondo,PER,Q55011259
document_000097.html,10,15,Zardo,PER,NIL
document_000097.html,300,310,John Urich,PER,NIL
document_000098.html,126,136,Mancinelli,PER,Q2754918
document_000098.html,219,224,Urich,PER,NIL
document_000098.html,400,409,MacDonald,MISC,NIL
document_000099.html,80,98,Diario de Noticias,ORG,Q508252
document_000099.html,276,281,Dotti,PER,Q101499677
document_000100.html,10,20,Balzofiore,PER,NIL
document_000100.html,141,151,Balzofiore,PER,NIL
document_000100.html,86,111,Nuova Provincia di Molise,ORG,NIL
document_000102.html,3,17,teatro Rossini,LOC,NIL
document_000102.html,290,301,Catalanotti,PER,NIL
document_000104.html,17,24,Guarany,MISC,Q2735143
document_000104.html,157,162,Ebrea,MISC,Q339043
document_000105.html,61,65,casa,MISC,Q102286821
document_000105.html,105,120,Adriano Colonna,PER,NIL
document_000105.html,188,203,teatro Brunetti,LOC,Q3516753
document_000105.html,315,322,Emanuel,PER,Q3767166
document_000105.html,364,370,Odette,MISC,NIL
document_000106.html,161,167,Borghi,PER,Q3732024
document_000107.html,70,86,Giovanni Sirauss,PER,Q83309
document_000107.html,181,188,G funou,PER,NIL
document_000107.html,210,215,Muzio,PER,Q2061224
document_000108.html,66,75,Politeama,LOC,Q3907408
document_000108.html,115,124,Lablanche,PER,NIL
document_000108.html,126,134,Delibers,PER,Q98716472
document_000108.html,137,147,Vaniaiecni,PER,NIL
document_000108.html,200,207,Fornari,PER,NIL
document_000108.html,255,262,Gerster,PER,Q450600
document_000109.html,2,16,teatro Rossini,LOC,Q523565
document_000109.html,118,129,Marescalchi,PER,Q30416690
document_000109.html,177,188,Marescalchi,PER,Q30416690
document_000109.html,236,241,Gilda,PER,NIL
document_000110.html,2,18,teatro Bellecour,LOC,Q4221
document_000110.html,70,84,Carolina Ferni,PER,Q3534139
document_000110.html,86,94,Violetti,PER,NIL
document_000110.html,170,175,Blasi,PER,Q112161628
document_000110.html,181,191,San Pietro,LOC,Q18505526
document_000110.html,195,202,Lavagna,LOC,Q48111
document_000110.html,246,262,Vittorio Salmasi,PER,NIL
document_000111.html,0,8,Patrasso,LOC,Q133123
document_000111.html,112,119,Magotti,PER,NIL
document_000111.html,212,228,Carolina Caselli,PER,NIL
document_000111.html,232,243,Emma Savini,PER,NIL
document_000111.html,259,278,Margherita Fosohini,PER,NIL
document_000111.html,287,301,Luigi Ranfagni,PER,NIL
document_000111.html,305,318,Ettore Marchi,PER,NIL
document_000111.html,329,343,Enrico Massini,PER,NIL
document_000111.html,352,365,Luigi Bergami,PER,NIL
document_000111.html,386,401,Nazzareno Marsi,PER,NIL
document_000112.html,122,135,Augusta Fiano,PER,NIL
document_000112.html,147,164,Enrico Battistini,PER,NIL
document_000112.html,180,190,Gnaccarini,PER,NIL
document_000113.html,19,36,Musique Populaire,ORG,NIL
document_000113.html,190,195,Iacob,PER,NIL
document_000113.html,301,305,Rene,PER,NIL
document_000113.html,317,327,La Mitidja,MISC,NIL
document_000114.html,221,236,Pietro Lombardi,PER,NIL
document_000115.html,131,147,Francesco Manini,PER,NIL
document_000115.html,158,168,Via Durini,LOC,NIL
document_000115.html,187,224,Calendario Universale per le famiglie,MISC,NIL
document_000116.html,46,54,Ruy Blas,MISC,Q3453685
document_000116.html,65,76,Cappelletti,PER,NIL
document_000116.html,135,140,Lucia,MISC,Q244209
document_000117.html,3,18,Musica Popolare,ORG,NIL
document_000117.html,58,66,Sonzogno,PER,Q534354
document_000117.html,140,154,Cecilia Ritter,PER,Q104517733
document_000117.html,187,193,Ofello,MISC,Q925332
document_000117.html,285,294,Cunimings,PER,NIL
document_000117.html,318,327,Trovatore,MISC,Q203470
document_000118.html,1,8,Carboni,PER,NIL
document_000118.html,144,155,Cappelletti,PER,NIL
document_000119.html,23,34,Benfratelli,PER,NIL
document_000119.html,184,194,Leawington,PER,NIL
document_000119.html,206,216,Vicentelli,PER,NIL
document_000119.html,233,241,Barbieri,PER,Q3724335
document_000120.html,56,71,Felice Zoppegni,PER,NIL
document_000120.html,209,217,Costanzi,LOC,Q1050350
document_000121.html,97,104,Cuttica,PER,NIL
document_000121.html,291,298,Cuttica,PER,NIL
document_000121.html,112,131,Rivista Settimanale,ORG,NIL
document_000122.html,27,32,Urban,PER,NIL
document_000122.html,37,43,Donati,PER,NIL
document_000122.html,46,57,Caltagirone,PER,NIL
document_000122.html,91,96,Saffo,MISC,Q7398751
document_000122.html,176,184,Crosmond,PER,NIL
document_000122.html,187,194,Terrigi,PER,Q102281798
document_000122.html,232,240,Borgiani,PER,NIL
document_000123.html,44,50,Stella,MISC,NIL
document_000123.html,51,59,d’Auteri,PER,Q3945947
document_000123.html,81,87,Halery,PER,Q313917
document_000123.html,190,211,Enrichetta Leawington,PER,NIL
document_000123.html,271,279,Barbieri,PER,Q3724335
document_000124.html,106,110,Arpa,ORG,NIL
document_000124.html,207,214,Amneris,PER,Q50732179
document_000124.html,288,295,Pozzoni,PER,Q14507260
document_000125.html,19,26,Bonheur,PER,Q102075957
document_000125.html,238,245,Bonheur,PER,Q102075957
document_000126.html,14,19,Gabbi,PER,Q15057396
document_000126.html,24,32,Preziosi,PER,NIL
document_000126.html,34,43,Petrovich,PER,Q4229603
document_000126.html,46,54,Pogliani,PER,NIL
document_000126.html,159,164,Ferni,PER,Q4013970
document_000126.html,176,181,Engel,PER,Q7192034
document_000127.html,100,105,Faust,MISC,Q745951
document_000127.html,51,61,Margherita,PER,NIL
document_000127.html,73,86,Elena Boronat,PER,NIL
document_000127.html,131,146,Pietro Lombardi,PER,NIL
document_000128.html,111,116,Ebreo,MISC,Q3202810
document_000128.html,197,202,Faust,MISC,Q745951
document_000129.html,34,40,Russel,PER,Q435415
document_000129.html,74,79,Lucic,MISC,Q244209
document_000129.html,122,128,Amleto,MISC,Q631016
document_000129.html,143,147,Rapp,PER,NIL
document_000129.html,149,155,Roveri,PER,NIL
document_000129.html,158,165,Carrion,PER,NIL
document_000129.html,183,197,Dolores Buireo,PER,NIL
document_000129.html,211,216,Auton,PER,NIL
document_000130.html,164,176,Lena Bordato,PER,NIL
document_000130.html,200,209,Bertolasi,PER,NIL
document_000130.html,307,323,Antonio Rossetti,PER,NIL
document_000131.html,153,167,Antonino Cuzzo,PER,NIL
document_000131.html,217,232,Mondo Artistico,ORG,NIL
document_000132.html,68,86,Gustavo Ghivizzani,PER,NIL
document_000132.html,109,123,Irene Morpurgo,PER,NIL
document_000132.html,168,185,R. Teatro Salvini,LOC,NIL
document_000133.html,4,23,Gazzetta di Messina,ORG,NIL
document_000133.html,41,53,Re di Lahore,MISC,Q2456112
document_000133.html,67,73,Runcio,PER,NIL
document_000134.html,122,137,armomia Gallica,MISC,NIL
document_000134.html,142,157,Musica Militare,MISC,NIL
document_000134.html,174,185,Gran Teatro,LOC,Q223942
document_000134.html,206,223,Hyacinthe Bedetti,PER,NIL
document_000134.html,226,235,Forestier,PER,Q98647240
document_000135.html,6,13,De Vere,PER,Q19998212
document_000135.html,34,52,Pardon de Ploermel,MISC,Q470739
document_000135.html,66,75,Hyacinthe,PER,NIL
document_000135.html,90,98,Mireille,MISC,Q843042
document_000136.html,57,73,Alsazia e Lorena,LOC,Q155144
document_000136.html,122,137,armomia Gallica,MISC,NIL
document_000136.html,142,157,Musica Militare,MISC,NIL
document_000136.html,174,185,Gran Teatro,LOC,Q223942
document_000136.html,206,223,Hyacinthe Bedetti,PER,NIL
document_000136.html,226,235,Forestier,PER,Q98647240
document_000137.html,297,302,Seine,PER,NIL
document_000138.html,78,83,Savio,PER,NIL
document_000138.html,95,102,Valenti,PER,NIL
document_000138.html,118,125,Carnili,PER,NIL
document_000138.html,144,156,Duca Alfonso,PER,Q188346
document_000139.html,43,57,teatro Rossini,LOC,Q3516769
document_000139.html,138,144,Rocchi,PER,NIL
document_000139.html,160,167,Fontana,PER,NIL
document_000139.html,205,211,Buireo,PER,NIL
document_000140.html,233,240,Zerlina,PER,NIL
document_000140.html,245,256,Fra Diavolo,PER,Q1440309
document_000141.html,16,23,Gayarre,PER,Q1366357
document_000142.html,32,43,Ida Ricetti,PER,NIL
document_000142.html,117,125,Mapleson,PER,Q3932293
document_000143.html,20,40,Musigue des Familles,ORG,NIL
document_000143.html,178,184,Canier,PER,NIL
document_000143.html,197,200,Hea,MISC,NIL
document_000143.html,204,228,La madre di lord Parnell,PER,Q75616553
document_000144.html,44,61,il signor Lorenzo,MISC,NIL
document_000144.html,201,208,Cortini,PER,NIL
document_000144.html,212,219,Liberia,ORG,NIL
document_000144.html,223,228,Rouia,LOC,Q220
document_000145.html,24,30,Apollo,LOC,Q3516772
document_000145.html,174,179,Mirza,PER,NIL
document_000145.html,192,198,Creola,MISC,Q109242578
document_000145.html,205,213,Coronaro,PER,Q17479051
document_000146.html,14,21,Cortini,PER,NIL
document_000146.html,91,99,Coronaro,PER,Q17479051
document_000146.html,143,150,Ortruda,PER,Q33291883
document_000147.html,65,71,Creola,MISC,Q109242578
document_000147.html,95,100,Cerne,PER,NIL
document_000147.html,112,116,Duro,PER,NIL
document_000147.html,130,137,Parboni,PER,NIL
document_000147.html,152,158,Lovati,PER,NIL
document_000148.html,3,9,Branca,PER,Q3778880
document_000148.html,65,82,teatro di Catania,LOC,NIL
document_000149.html,70,90,Stabilimento Ricordi,MISC,Q1046463
document_000150.html,4,19,Musica Popolare,ORG,NIL
document_000150.html,58,66,Sonzogno,MISC,Q528397
document_000151.html,60,64,Vico,PER,NIL
document_000151.html,77,83,Borghi,PER,Q3732024
document_000152.html,10,31,Societa del Quartetto,ORG,NIL
document_000152.html,190,201,Crescentini,PER,Q21548176
document_000153.html,26,31,Laban,PER,NIL
document_000153.html,113,120,Paolina,PER,NIL
document_000153.html,125,131,Borghi,PER,Q3732024
document_000154.html,49,56,Foscari,MISC,Q468112
document_000154.html,243,250,Foscari,MISC,Q468112
document_000154.html,60,66,Avoldo,ORG,NIL
document_000154.html,79,89,Scaramella,PER,NIL
document_000155.html,0,8,Martucci,PER,Q769966
document_000155.html,50,64,Alfredo Bajesi,PER,NIL
document_000155.html,137,146,Titaieste,PER,NIL
document_000155.html,226,232,Boghen,PER,Q55225713
document_000155.html,251,260,Ouverture,MISC,NIL
document_000156.html,47,55,Peritant,MISC,Q470886
document_000156.html,153,160,Vaselli,PER,NIL
document_000157.html,195,203,Cattaneo,PER,Q16662306
document_000157.html,218,224,Stagni,PER,NIL
document_000158.html,80,98,Giovanni Minuzzi.e,PER,NIL
document_000159.html,137,155,Tristano ed Isotta,MISC,Q1324254
document_000159.html,192,200,Martucci,PER,Q769966
document_000159.html,265,273,~ermania,LOC,Q183
document_000160.html,23,31,Volfrano,PER,Q18821
document_000160.html,88,104,Luigi Baldassari,PER,NIL
document_000160.html,151,176,ll mattino della domenica,MISC,NIL
document_000161.html,10,23,Carlo Meluzzi,PER,NIL
document_000161.html,26,45,Alessandro Genesini,PER,NIL
document_000161.html,37,45,Genesini,PER,NIL
document_000161.html,206,214,Genesini,PER,NIL
document_000162.html,63,74,Remo Ronchi,PER,NIL
document_000162.html,167,175,Biancani,PER,NIL
document_000163.html,163,169,Borghi,PER,Q3732024
document_000165.html,44,53,Argentina,LOC,Q588377
document_000165.html,87,97,Pandolfini,PER,Q11922930
document_000166.html,313,319,Borgia,PER,Q191103
document_000168.html,144,159,S. M. la Regina,PER,Q135631
document_000168.html,291,314,marchesa di Villamarina,PER,Q27177923
document_000169.html,3,25,Ga:- ' zetta Nazionale,ORG,Q371338
document_000169.html,62,67,Carpi,PER,NIL
document_000169.html,303,308,Rieva,PER,NIL
document_000170.html,3,21,giornale il Limone,ORG,NIL
document_000170.html,101,107,Nosari,PER,NIL
document_000170.html,124,130,Selika,PER,NIL
document_000170.html,137,146,Garagnani,PER,NIL
document_000170.html,160,164,Ines,PER,NIL
document_000170.html,176,181,Durot,PER,NIL
document_000170.html,197,202,Pozzi,PER,NIL
document_000171.html,24,32,Angeloni,PER,NIL
document_000171.html,178,183,Laura,PER,NIL
document_000171.html,313,322,Steinbach,PER,Q61512819
document_000171.html,424,432,la Cieca,PER,NIL
document_000172.html,10,17,Bazzani,PER,NIL
document_000172.html,177,183,Sivori,PER,Q3732334
document_000172.html,243,247,Enzo,PER,NIL
document_000172.html,330,337,Rossato,PER,NIL
document_000175.html,0,17,Odoardo Sottolana,PER,Q102279709
document_000175.html,121,138,Odoardo Sottolana,PER,Q102279709
document_000175.html,215,229,G. B. De Negri,PER,Q3766640
document_000175.html,310,324,G. B. De Negri,PER,Q3766640
document_000176.html,77,82,Ebrea,MISC,Q339043
document_000176.html,85,92,Profeta,MISC,Q263297
document_000176.html,215,223,De Negri,PER,Q3766640
document_000177.html,0,12,Emilia Ciuti,PER,NIL
document_000177.html,15,27,P. Lazzarini,PER,NIL
document_000178.html,0,18,Arturo Marescaichi,PER,Q30416690
document_000178.html,89,109,Arturo . Marescalchi,PER,Q30416690
document_000179.html,1,16,Pietro Lombardi,PER,NIL
document_000179.html,255,270,Pietro Lombardi,PER,NIL
document_000180.html,82,90,acEmpyre,LOC,Q3724821
document_000182.html,3,26,Loro Maesta del Brasile,PER,NIL
document_000182.html,190,203,Antonio Cuzzo,PER,NIL
document_000183.html,7,15,De Negri,PER,Q3766640
document_000184.html,23,32,Mendioroz,PER,Q102286504
document_000184.html,241,246,Ditta,MISC,Q1046463
document_000185.html,46,54,Martucci,PER,Q769966
document_000185.html,96,110,Alfredo Bajesi,PER,NIL
document_000185.html,183,192,Titaieste,PER,NIL
document_000185.html,272,278,Boghen,PER,Q55225713
document_000186.html,0,11,Il Paganini,ORG,NIL
document_000186.html,108,113,Faust,MISC,NIL
document_000186.html,288,298,Margherita,PER,NIL
document_000186.html,326,336,Margherita,PER,NIL
document_000187.html,29,37,Montaldo,PER,NIL
document_000187.html,133,142,Cardinali,PER,Q61483965
document_000187.html,226,233,Liberté,ORG,NIL
document_000187.html,270,275,Villa,PER,NIL
document_000187.html,355,363,Ruy Blas,MISC,Q3453685
document_000188.html,24,37,Ciampi Cellai,PER,NIL
document_000188.html,73,82,Pie Jesus,MISC,Q11499275
document_000188.html,86,95,Stradella,PER,NIL
document_000188.html,136,150,Oreste Gennari,PER,NIL
document_000188.html,177,200,teatro Principe Alfonso,LOC,Q15640791
document_000189.html,47,61,teatro di Bari,LOC,NIL
document_000189.html,85,99,Dolores Buireo,PER,NIL
document_000189.html,179,195,Teatro Ilustrato,ORG,NIL
document_000189.html,332,340,Seppilli,PER,Q21081439
document_000189.html,353,369,Lasciami in pace,MISC,NIL
document_000189.html,408,421,Vittorio Pepe,PER,Q102076094
document_000190.html,33,39,Attila,MISC,Q211460
document_000190.html,108,121,Maria Cantori,PER,NIL
document_000190.html,214,239,S. M. la Regina di Spagna,PER,Q538125
document_000191.html,11,18,Gargano,PER,Q57239339
document_000191.html,19,26,Gargano,PER,Q57239339
document_000192.html,342,357,Francesco Pozzi,PER,NIL
document_000193.html,35,42,Verdini,PER,NIL
document_000194.html,17,31,Oreste Gennari,PER,NIL
document_000194.html,142,156,teatro di Bari,LOC,NIL
document_000194.html,180,194,Dolores Buireo,PER,NIL
document_000195.html,23,39,Teatro Ilustrato,ORG,NIL
document_000195.html,197,213,Lasciami in pace,MISC,NIL
document_000195.html,252,265,Vittorio Pepe,PER,Q102076094
document_000196.html,72,85,Camera Gialla,MISC,NIL
document_000196.html,108,117,Cammarota,PER,NIL
document_000196.html,159,174,teatro di Pavia,LOC,Q3981990
document_000196.html,232,237,Agram,LOC,Q1435
document_000197.html,16,23,Borelli,PER,Q30077493
document_000197.html,26,35,Lucignani,PER,NIL
document_000197.html,79,88,Rebuffini,PER,NIL
document_000198.html,48,53,Zorzi,PER,NIL
document_000198.html,72,78,Parodi,PER,Q4345747
document_000198.html,157,168,Elisa Bassi,PER,NIL
document_000199.html,71,79,Martucci,PER,Q769966
document_000199.html,189,193,Busi,PER,Q11904863
document_000199.html,244,262,responso dei fiori,MISC,NIL
document_000201.html,9,18,Schneider,PER,Q88791594
document_000201.html,27,37,il Lamento,MISC,Q109244005
document_000202.html,64,69,Reger,PER,Q57139
document_000212.html,125,148,caffé « alla pera d’oro,LOC,NIL
document_000212.html,209,218,Guarnieri,PER,Q1165357
document_000212.html,225,231,Wendel,PER,Q1303289
document_000213.html,37,52,Quinta sinfonia,MISC,Q188709
document_000215.html,41,57,diterza Sinfonia,MISC,Q223538
document_000216.html,108,127,sinfonia di sol min,MISC,Q231390
document_000219.html,37,45,Juventus,MISC,Q109001794
document_000219.html,52,60,DiSabata,PER,Q464890
document_000221.html,44,59,Maestri Cantori,MISC,Q465540
document_000222.html,72,78,Sorima,PER,NIL
document_000222.html,84,93,Tarantini,PER,NIL
document_000222.html,128,132,Fano,PER,Q3779156
document_000222.html,134,147,dell’Agostini,PER,Q3855836
document_000222.html,195,204,Marinuzzi,PER,Q3106818
document_000222.html,210,219,Guarnieri,PER,Q1165357
document_000224.html,3,17,Inno trionfale,MISC,NIL
document_000224.html,72,87,Le sette parole,MISC,Q1219505
document_000226.html,35,44,Opernhaus,LOC,NIL
document_000226.html,92,100,Turandot,MISC,Q2843864
document_000228.html,234,242,Turandot,MISC,Q2843864
document_000228.html,249,259,Arlecchino,MISC,Q922043
document_000229.html,0,5,A. T.,PER,NIL
document_000229.html,12,23,Rivista ITT,ORG,NIL
document_000230.html,187,196,do minore,MISC,Q146793
document_000235.html,44,54,Ukolebavke,MISC,Q6612905
document_000235.html,61,64,Suk,PER,Q312700
document_000235.html,139,144,Sesta,MISC,Q246589
document_000236.html,35,40,Novak,PER,Q347611
document_000240.html,79,87,M. Costa,PER,Q1515576
document_000241.html,90,97,in Alto,MISC,Q109002192
document_000241.html,102,115,G. Gallignani,PER,Q1528339
document_000242.html,37,46,M. Baroni,PER,NIL
document_000242.html,109,116,Masetti,PER,NIL
document_000242.html,121,128,Zappata,PER,NIL
document_000242.html,133,142,Piccaluga,PER,Q20006109
document_000242.html,155,162,Dilelio,PER,Q33119369
document_000244.html,70,79,Scandiani,PER,NIL
document_000244.html,134,152,dell’Ente Autonomo,LOC,Q5471
document_000247.html,76,86,De Hidalgo,PER,Q465195
document_000247.html,99,106,Hackett,PER,Q767676
document_000248.html,107,115,Catalani,PER,Q352722
document_000249.html,138,146,Catalani,PER,Q352722
document_000249.html,216,235,Margherita Sheridan,PER,Q6759227
document_000250.html,35,51,Maestrit Canfori,MISC,Q465540
document_000250.html,213,222,Wildbrunn,PER,Q89504
document_000250.html,227,233,Galefi,PER,Q1154378
document_000250.html,239,249,De Angelis,PER,Q2536286
document_000251.html,150,165,Maestri Cantort,MISC,Q465540
document_000252.html,10,14,Rota,PER,Q97571478
document_000252.html,16,26,Rovescalli,PER,Q94288706
document_000252.html,28,37,Marchioro,PER,NIL
document_000252.html,39,46,Santoni,PER,NIL
document_000252.html,49,55,Grandi,PER,NIL
document_000253.html,133,147,Premio di Roma,MISC,Q3405483
document_000254.html,44,59,Schola cantorum,ORG,NIL
document_000254.html,104,112,Cappelle,LOC,Q1236085
document_000255.html,48,79,Ouartetto di Violoncelli Sencse,ORG,NIL
document_000255.html,152,167,Arrigo Provvedi,PER,NIL
document_000256.html,6,25,Liceo di S. Cecilia,ORG,Q181410
document_000256.html,49,73,Conservatorio di Palermo,ORG,Q3687235
document_000256.html,83,102,Marsilio Ceccarelli,PER,Q102289005
document_000258.html,43,53,Olga Greco,PER,NIL
document_000260.html,0,15,Filippo Vinardi,PER,Q102280116
document_000261.html,98,105,A DANTE,MISC,NIL
document_000262.html,9,17,Juventus,MISC,Q109001794
document_000262.html,21,33,A. De Sabata,PER,Q464890
document_000262.html,37,56,Oriente immaginario,MISC,NIL
document_000264.html,107,115,Catalani,PER,Q352722
document_000265.html,41,71,Collegio dei Cantori pontifici,ORG,Q1236085
document_000265.html,119,135,Cappella Sistina,ORG,Q1236085
document_000266.html,45,53,Cappella,ORG,Q1236085
document_000267.html,9,25,Cappella Sistina,ORG,Q1236085
document_000267.html,115,120,Rella,PER,NIL
document_000268.html,20,30,Scuola Pia,ORG,NIL
document_000269.html,21,28,Casella,PER,Q337343
document_000272.html,159,176,Aristide Sartorio,PER,Q1062517
document_000275.html,87,95,Augusteo,LOC,Q3616668
document_000277.html,33,41,Molinari,PER,Q2619703
document_000278.html,21,28,Mantica,PER,NIL
document_000280.html,18,25,Mantica,PER,NIL
document_000281.html,32,41,Ida Ricci,PER,NIL
document_000281.html,56,72,Giuditta Sartori,PER,NIL
document_000283.html,3,8,Vayra,PER,NIL
document_000283.html,40,68,Scuola moderna di pianoforte,ORG,NIL
document_000283.html,80,91,V. Ravicini,PER,NIL
document_000284.html,12,28,Maria Capoccetti,PER,NIL
document_000284.html,210,215,Baton,PER,Q715900
document_000285.html,85,94,L. Refice,PER,NIL
document_000285.html,163,176,Sala Nazareno,LOC,NIL
document_000286.html,6,18,Sala Smetana,LOC,Q15712623
document_000286.html,99,131,Sensifiva per canto ed orchestra,MISC,Q109242823
document_000288.html,13,23,Papa Ratti,PER,Q42323
document_000290.html,22,29,Arcadia,ORG,Q338478
document_000292.html,6,11,Monti,PER,Q723643
document_000292.html,43,61,Matrimonio segreto,MISC,Q428319
document_000292.html,99,106,Borroni,PER,Q600955
document_000293.html,371,385,Gnea nel Lazio,MISC,NIL
document_000294.html,37,44,Borroni,PER,Q600955
document_000296.html,314,335,La Locandiera scaltra,MISC,NIL
document_000297.html,32,45,Giorgi Belloc,PER,Q3984271
document_000297.html,51,61,Parlamagni,PER,NIL
document_000299.html,71,106,La supplica di Melpomene e di Talia,MISC,NIL
document_000300.html,44,49,Monti,PER,Q723643
document_000300.html,54,63,Laroberti,PER,NIL
document_000300.html,84,94,Policastro,PER,NIL
document_000301.html,81,89,Callizoe,MISC,NIL
document_000301.html,145,164,il Naso in pericolo,MISC,NIL
document_000302.html,92,119,Archivio del Reale Collegio,LOC,NIL
document_000303.html,3,10,Florimo,PER,Q252228
document_000303.html,33,61,La Scuola Musicale ai Napoli,MISC,NIL
document_000303.html,180,192,i Pitagorici,MISC,NIL
document_000304.html,192,200,d'Italia,LOC,Q38
document_000307.html,76,102,Mario Augusto Bruschettini,PER,NIL
document_000307.html,106,116,Alessandro,LOC,NIL
document_000308.html,70,77,Carelli,PER,Q5372752
document_000308.html,168,182,Colonia libera,MISC,NIL
document_000308.html,206,213,Lorenza,MISC,Q109002506
document_000308.html,217,227,Mascheroni,PER,Q3719624
document_000309.html,14,21,Rizzoli,PER,NIL
document_000309.html,144,155,Guglielmina,PER,NIL
document_000309.html,162,173,Swor Teresa,MISC,NIL
document_000309.html,177,199,Teatro Santa Radegonda,LOC,NIL
document_000309.html,216,235,Compagnia Barracani,ORG,NIL
document_000310.html,30,37,Cazzola,PER,Q3680481
document_000312.html,11,18,Cazzola,PER,Q3680481
document_000312.html,232,239,Rizzoli,PER,NIL
document_000314.html,0,10,la Sonnand,MISC,Q753123
document_000314.html,14,29,Teatro Pagliano,LOC,Q3982191
document_000314.html,62,72,Frezzolini,PER,Q451231
document_000314.html,87,92,Sarti,PER,NIL
document_000314.html,108,116,Giannoli,PER,NIL
document_000315.html,16,21,Patti,PER,Q234166
document_000315.html,76,86,Frezzolini,PER,Q451231
document_000317.html,103,110,La Maio,PER,NIL
document_000317.html,122,134,Mariano Neri,PER,NIL
document_000317.html,150,155,Proni,PER,NIL
document_000318.html,164,171,Bellini,PER,NIL
document_000318.html,207,216,Gaggiotti,PER,NIL
document_000318.html,225,243,ValentiniCristiani,PER,NIL
document_000318.html,262,266,Buti,PER,NIL
document_000319.html,10,17,Ugolini,PER,NIL
document_000319.html,24,30,Glauco,PER,NIL
document_000319.html,45,52,Negrini,PER,Q3659659
document_000320.html,5,12,Pergola,LOC,Q1261970
document_000320.html,50,58,Lombardi,MISC,Q468625
document_000320.html,74,80,Dunord,PER,NIL
document_000320.html,120,128,Graziani,PER,Q291007
document_000321.html,72,77,Topai,PER,NIL
document_000322.html,92,114,Francesco Maria Albini,PER,Q98636701
document_000323.html,2,17,Teatro Comunale,LOC,Q2294135
document_000323.html,56,65,Pallerini,PER,NIL
document_000324.html,3,10,Perelli,PER,NIL
document_000324.html,93,107,Angelica Baldi,PER,NIL
document_000324.html,168,179,Tarabocchia,PER,NIL
document_000325.html,18,25,Massera,PER,NIL
document_000327.html,3,19,Teatro del Corso,LOC,Q21077427
document_000327.html,34,53,Compagnia Pe.racchi,ORG,NIL
document_000327.html,93,115,Un vizio di educazione,MISC,NIL
document_000327.html,139,149,Montignani,PER,NIL
document_000330.html,23,36,Nadina Dunord,PER,NIL
document_000330.html,106,116,i Loméardi,MISC,Q468625
document_000331.html,23,40,Teatro di Ferrara,LOC,Q321950
document_000332.html,56,71,Giornale L’ARPA,ORG,NIL
document_000332.html,75,92,Piazza S. Martino,LOC,NIL
document_000332.html,94,112,Palazzo Santinelli,LOC,NIL
document_000333.html,86,96,Mancinelli,PER,Q2754918
document_000334.html,94,104,John Urich,PER,NIL
document_000335.html,9,18,Schneider,PER,Q214659
document_000335.html,27,37,il Lamento,MISC,NIL
document_000336.html,109,116,Arianna,MISC,Q1880621
document_000337.html,0,6,Busoni,PER,Q21955
document_000338.html,50,56,Busoni,PER,Q21955
document_000338.html,104,110,Busoni,PER,Q21955
document_000340.html,33,46,dell’Augusteo,LOC,Q3616668
document_000340.html,85,93,Martucci,PER,Q769966
document_000342.html,3,9,Coates,PER,Q2595770
document_000343.html,63,79,fantasia indiana,MISC,Q6020282
document_000347.html,171,188,Tristano e Isofta,MISC,Q1324254
document_000348.html,172,185,Giuseppe Noto,PER,NIL
document_000349.html,12,39,Congresso Haliano di Musica,MISC,NIL
document_000350.html,0,13,Olive ffilder,PER,NIL
document_000350.html,79,98,Scuola Zaira Falchi,ORG,NIL
document_000351.html,207,215,A. Luise,PER,NIL
document_000352.html,97,115,Alfredo . Visconti,PER,NIL
document_000353.html,119,132,Flazto magico,MISC,Q5064
document_000353.html,146,161,Arianna a Nasso,MISC,Q654633
document_000354.html,26,40,Guglielmo Tell,MISC,Q729659
document_000354.html,48,52,Aida,MISC,Q171277
document_000354.html,58,69,Mefistofele,MISC,Q935669
document_000354.html,77,86,Gtoconda/,MISC,Q748840
document_000357.html,14,32,Ratto del serragho,MISC,Q210711
document_000357.html,78,84,Marnuf,MISC,Q3332020
document_000358.html,151,166,Maestri Cantort,MISC,Q465540
document_000360.html,18,70,Commissione Nazionale permanente per l’Arte Musicale,ORG,NIL
document_000360.html,369,377,Augusteo,LOC,Q3616668
document_000361.html,21,33,Nicola Utilo,PER,NIL
document_000361.html,170,179,Stoccolma,LOC,Q1754
document_000362.html,5,31,Secteta Amtct della Musica,ORG,NIL
document_000362.html,37,58,Florestano Rossomandi,PER,Q20000564
document_000362.html,73,84,De Robertis,PER,Q3770444
document_000362.html,111,121,G. A. Fano,PER,Q3779156
document_000362.html,149,162,Franco Tufaro,PER,NIL
document_000362.html,260,268,Olivieri,PER,Q447545
document_000363.html,2,21,Politeama di Napoli,LOC,NIL
document_000364.html,16,38,Quartetti di Beethoven,MISC,NIL
document_000364.html,115,124,Bufaletti,PER,NIL
document_000364.html,129,135,Serato,PER,Q4416580
document_000364.html,162,169,M. Vico,PER,NIL
document_000364.html,202,217,Virgilio Ubrico,PER,NIL
document_000364.html,259,275,Marietta Amstadt,PER,Q63486305
document_000368.html,149,166,Socteta Cectliana,ORG,Q1149943
document_000368.html,183,187,Witt,PER,NIL
document_000368.html,203,219,Cardinal De Luca,PER,Q500774
document_000369.html,212,222,Papa Pecci,PER,Q43922
document_000370.html,209,216,Venezia,LOC,NIL
document_000370.html,252,288,Lettera pastorale sulla Musica Sacra,MISC,NIL
document_000371.html,151,157,Pietro,PER,Q6699740
document_000372.html,7,16,S. Flavio,PER,NIL
document_000373.html,42,47,Zoppi,PER,NIL
document_000373.html,49,53,Levi,PER,NIL
document_000373.html,55,62,Manfrin,PER,NIL
document_000373.html,65,72,Zacchia,PER,NIL
document_000373.html,81,90,Sernicoli,PER,NIL
document_000373.html,124,130,Boschi,PER,NIL
document_000373.html,165,170,Gorno,PER,NIL
document_000373.html,172,178,Burzio,PER,NIL
document_000373.html,181,186,Corsi,PER,NIL
document_000374.html,26,36,G. Zuccoli,PER,NIL
document_000375.html,170,185,Attilio Poleggi,PER,NIL
document_000376.html,70,82,Bice De Vivo,PER,NIL
document_000376.html,108,114,Scuola,ORG,NIL
document_000376.html,186,194,v. Piave,ORG,NIL
document_000380.html,125,144,Genio della Francia,PER,NIL
document_000380.html,170,188,Tempio del Delfino,LOC,NIL
document_000382.html,29,34,Geseo,MISC,NIL
document_000383.html,165,174,G. Pirola,PER,NIL
document_000384.html,115,119,ETRA,PER,Q11921121
document_000384.html,147,167,Giorgi Belloc Teresa,PER,NIL
document_000384.html,178,189,dell’Attica,LOC,Q122443
document_000384.html,199,217,Parlamagni Antonio,PER,NIL
document_000384.html,218,225,PiRO1oc,PER,Q502156
document_000384.html,234,246,Pacini Luigi,PER,NIL
document_000384.html,247,254,DiMANTE,PER,NIL
document_000384.html,264,279,Bianchi Gactano,PER,NIL
document_000385.html,37,44,Trezene,LOC,Q11953081
document_000386.html,51,61,Parlamagni,PER,NIL
document_000388.html,0,4,Etra,PER,Q11921121
document_000388.html,110,115,Tesco,PER,Q1320718
document_000389.html,7,14,Pirotoo,PER,Q502156
document_000390.html,21,28,Dimante,PER,NIL
document_000392.html,94,101,Pirotoo,PER,NIL
document_000392.html,102,107,Desai,PER,Q313196
document_000393.html,66,73,Trezene,LOC,Q11953081
document_000393.html,158,165,Trezene,LOC,Q11953081
document_000394.html,96,103,Dionigi,PER,Q332750
document_000395.html,130,144,Lorenza Correa,PER,Q1872294
document_000396.html,90,104,Astrea placata,MISC,NIL
document_000397.html,16,29,Poeta Cesareo,PER,Q29473
document_000397.html,129,137,Fenomeni,MISC,NIL
document_000398.html,0,18,L'Invito a Pallade,MISC,NIL
document_000398.html,113,124,Simone Mayr,PER,Q373770
document_000399.html,46,62,Salvatore Vigand,PER,Q476782
document_000400.html,122,147,Dalla Reffa il disinganno,MISC,Q3252788
document_000402.html,192,232,dalAssociazione degli Amici della Musica,ORG,NIL
document_000403.html,94,102,Passigli,PER,NIL
document_000403.html,130,139,Albertint,PER,NIL
document_000404.html,24,34,Guido Boni,PER,NIL
document_000404.html,70,78,Michelli,PER,NIL
document_000404.html,102,110,Baglioni,PER,NIL
document_000405.html,10,38,Ernesto Duverger di Ganranne,PER,NIL
document_000406.html,146,160,Cesare Rizzoli,PER,NIL
document_000406.html,241,256,Compagnia Reale,ORG,NIL
document_000406.html,292,297,Monti,PER,NIL
document_000406.html,312,318,Borghi,PER,NIL
document_000407.html,11,18,Rizzoli,PER,NIL
document_000407.html,82,87,Bozzo,PER,NIL
document_000408.html,71,85,Zeatro Brunett,LOC,Q3516753
document_000409.html,108,118,Frezzolini,PER,Q451231
document_000410.html,141,149,Giannoli,PER,NIL
document_000410.html,256,261,Sarti,PER,NIL
document_000410.html,313,323,Frezzolini,PER,Q451231
document_000411.html,0,6,Bogier,PER,NIL
document_000411.html,91,98,Rossini,PER,NIL
document_000412.html,39,47,Lagrange,PER,Q4767645
document_000412.html,60,66,Vitali,PER,Q104767293
document_000412.html,158,164,Vitali,PER,Q104767293
document_000412.html,203,209,Vitali,PER,Q104767293
document_000412.html,354,360,Vitali,PER,Q104767293
document_000412.html,170,185,Irance Musicale,ORG,Q3209228
document_000413.html,140,148,Squarcia,PER,NIL
document_000413.html,183,199,Re di Portogallo,PER,Q156175
document_000414.html,10,14,Sira,ORG,NIL
document_000414.html,44,50,Bastia,PER,NIL
document_000414.html,152,167,Teatro Pagliano,LOC,Q3982191
document_000414.html,192,197,Borri,PER,Q30077083
document_000414.html,199,224,Un avventura di carnevale,MISC,NIL
document_000415.html,25,31,Cresei,PER,NIL
document_000415.html,153,166,Gaspare Pieri,PER,NIL
document_000416.html,37,45,Barbiere,MISC,Q208659
document_000416.html,49,58,Biavolini,PER,NIL
document_000416.html,76,86,Pantaleoni,PER,Q62063481
document_000416.html,113,123,Pagiorpini,PER,NIL
document_000416.html,126,145,Corriere di Firenze,ORG,Q3694491
document_000417.html,15,19,Tati,PER,NIL
document_000417.html,58,80,Teatro Santa Radegonda,LOC,NIL
document_000417.html,135,142,Biasoli,PER,NIL
document_000419.html,53,73,Ii Diavolo a quattro,MISC,NIL
document_000420.html,105,111,Priora,PER,NIL
document_000421.html,77,85,Tiberini,PER,NIL
document_000422.html,0,17,Giuseppina Monset,PER,NIL
document_000422.html,81,98,Giuseppina Monset,PER,NIL
document_000423.html,17,33,Pompeo Colombati,PER,NIL
document_000423.html,68,84,Pompeo CoJombati,PER,NIL
document_000423.html,91,95,Sira,ORG,NIL
document_000426.html,103,109,Moidar,LOC,Q24639586
document_000426.html,244,258,padre di Flora,PER,NIL
document_000426.html,275,281,Murray,PER,Q348025
document_000426.html,287,299,lady Cameron,PER,Q6171931
document_000427.html,70,87,Anneiia Caizoiari,PER,NIL
document_000427.html,237,242,Byron,PER,Q123509516
document_000428.html,0,15,Enrico Pogliani,PER,NIL
document_000428.html,7,15,Pogliani,PER,NIL
document_000428.html,161,169,Pogliani,PER,NIL
document_000430.html,15,21,Dottia,PER,NIL
document_000434.html,53,60,Gargano,PER,Q57239339
document_000435.html,80,94,Olimpia Trebbi,PER,NIL
document_000435.html,100,112,Huenos Ayres,LOC,Q1486
document_000436.html,3,30,teatro Nazionale di Firenze,LOC,Q3886710
document_000436.html,105,118,Delfina Zauli,PER,NIL
document_000437.html,56,76,Giacchino Zagoglioni,PER,NIL
document_000437.html,107,120,Adele Garbini,PER,NIL
document_000438.html,18,24,Russel,PER,Q435415
document_000438.html,177,186,Cornaglia,PER,Q1850396
document_000439.html,18,25,Bazzolo,LOC,Q42966
document_000440.html,137,151,Stella Bonheur,PER,Q102075957
document_000441.html,77,88,I. Burgmein,PER,Q225820
document_000442.html,14,19,Faust,MISC,Q745951
document_000442.html,54,70,Amelia Mellinger,PER,NIL
document_000442.html,99,110,Sangiovanni,PER,NIL
document_000443.html,72,89,Ernesto Cammarota,PER,NIL
document_000444.html,49,56,Foscari,MISC,Q468112
document_000444.html,243,250,Foscari,MISC,Q468112
document_000444.html,60,66,Avoldo,ORG,NIL
document_000444.html,79,89,Scaramella,PER,NIL
document_000445.html,171,175,Aida,MISC,NIL
document_000445.html,176,194,el Correo de Noite,ORG,NIL
document_000446.html,3,18,teatro Vittorio,LOC,Q3629508
document_000446.html,175,180,Norma,MISC,Q320353
document_000446.html,166,173,Ravogli,PER,NIL
document_000446.html,184,192,Adalgisa,PER,NIL
document_000447.html,37,42,Linda,MISC,Q669382
document_000447.html,266,271,Linda,MISC,Q669382
document_000448.html,3,11,Ruy Blas,MISC,Q3453685
document_000448.html,220,228,Papeschi,PER,NIL
document_000449.html,35,42,Garhint,PER,NIL
document_000449.html,91,104,Don Sallustio,PER,NIL
document_000449.html,257,266,G. Giusti,PER,NIL
document_000449.html,290,297,Casilde,PER,NIL
document_000450.html,81,88,Carolli,PER,NIL
document_000450.html,104,110,Elvira,PER,NIL
document_000450.html,186,197,Baron‘ollie,PER,NIL
document_000450.html,211,218,Cavazza,PER,NIL
document_000450.html,247,256,Borucchia,PER,NIL
document_000450.html,263,268,Silva,PER,NIL
document_000452.html,76,85,Abigaiile,PER,NIL
document_000452.html,126,138,Dio di Giuda,MISC,NIL
document_000453.html,16,31,Eugenio Corsini,PER,NIL
document_000453.html,66,74,Zaccaria,PER,NIL
document_000454.html,16,31,Eugenio Corsini,PER,NIL
document_000454.html,66,74,Zaccaria,PER,NIL
document_000454.html,166,177,Noemi Venti,PER,NIL
document_000454.html,193,199,Fenena,PER,NIL
document_000455.html,32,37,Akdos,MISC,NIL
document_000455.html,50,57,Finotti,PER,NIL
document_000457.html,14,21,Zerlina,PER,NIL
document_000458.html,3,8,Adria,ORG,NIL
document_000459.html,0,12,ll Cittadino,ORG,NIL
document_000459.html,14,28,Y Indipendente,ORG,NIL
document_000459.html,32,50,Alabarda Triestina,ORG,NIL
document_000459.html,64,72,il Soldo,ORG,NIL
document_000461.html,91,96,Chili,LOC,NIL
document_000461.html,98,114,Lodovico Fagotti,PER,NIL
document_000461.html,170,186,teatro del Corso,LOC,Q21077427
document_000462.html,111,121,Aben Hamet,MISC,NIL
document_000462.html,171,186,AL De Lauziéres,PER,Q28779257
document_000462.html,221,246,teatro italiano di Parigi,LOC,NIL
document_000462.html,248,255,Teodora,MISC,NIL
document_000462.html,347,371,La ronda del Commissario,MISC,NIL
document_000462.html,411,422,H. Méilhade,PER,NIL
document_000462.html,423,432,P. Gilles,PER,Q610921
document_000463.html,137,146,Carnevale,MISC,Q4618
document_000464.html,9,24,Arte di Trieste,ORG,NIL
document_000465.html,45,60,Salvatore Pinto,PER,NIL
document_000465.html,126,139,Conservatorio,ORG,NIL
document_000466.html,18,24,Ricett,PER,NIL
document_000467.html,3,10,Hermosa,MISC,NIL
document_000467.html,23,29,Branca,PER,Q3778880
document_000468.html,33,44,Parravicini,PER,NIL
document_000471.html,33,51,Rossini di Livorno,LOC,NIL
document_000471.html,64,73,Haussmann,PER,NIL
document_000471.html,115,120,Corso,PER,NIL
document_000471.html,122,130,Del Papa,PER,Q3702353
document_000471.html,132,139,Salasso,PER,NIL
document_000471.html,142,153,Camarlinghi,PER,NIL
document_000472.html,2,6,Pisa,LOC,Q745951
document_000472.html,33,39,Auteri,PER,Q3945947
document_000472.html,72,81,Paoliceli,PER,Q3847363
document_000472.html,86,93,Montery,PER,NIL
document_000472.html,95,100,Forti,PER,NIL
document_000472.html,102,110,Gautiero,PER,NIL
document_000472.html,113,120,Massimi,PER,NIL
document_000473.html,22,33,Ida Ricetti,PER,NIL
document_000474.html,134,142,Ugonotti,MISC,Q466848
document_000475.html,64,70,Panche,PER,NIL
document_000476.html,64,68,Dadi,PER,NIL
document_000477.html,49,54,Lucia,MISC,Q244209
document_000477.html,83,89,Masini,PER,Q769771
document_000477.html,103,112,Silvestri,PER,NIL
document_000477.html,139,144,Faust,MISC,NIL
document_000477.html,145,160,Doria di Genova,LOC,Q83471820
document_000478.html,12,21,Teodorini,PER,Q3050729
document_000478.html,26,32,Pasqua,PER,Q3771689
document_000478.html,34,41,Signore,PER,NIL
document_000478.html,45,52,Bianchi,PER,NIL
document_000478.html,74,82,Giocondu,MISC,Q748840
document_000478.html,97,114,Contessa è Amalfi,MISC,NIL
document_000479.html,63,72,Signorini,PER,NIL
document_000479.html,91,100,Marangolo,PER,NIL
document_000479.html,165,170,Brogi,PER,Q103024532
document_000480.html,56,63,Novelli,PER,Q5565209
document_000481.html,48,55,Pierson,PER,NIL
document_000481.html,71,79,Leonardi,PER,NIL
document_000481.html,84,92,De \eeri,PER,Q3766640
document_000481.html,106,112,Sivori,PER,Q3732334
document_000481.html,125,133,Bengardi,PER,NIL
document_000482.html,0,10,Semiramide,MISC,Q900744
document_000483.html,48,56,Gtoconda,MISC,Q748840
document_000483.html,91,104,Berta Pierson,PER,NIL
document_000484.html,11,19,Leonardi,PER,NIL
document_000484.html,21,26,Laura,PER,NIL
document_000484.html,151,156,Laura,PER,NIL
document_000486.html,115,124,Toresella,PER,Q104384426
document_000486.html,139,147,Giordano,PER,NIL
document_000486.html,150,158,Barbieri,PER,Q3724335
document_000487.html,116,137,Ida Rappini Mattiuzzi,PER,NIL
document_000487.html,174,178,Busi,PER,Q11904863
document_000488.html,125,132,Vaselli,PER,NIL
document_000488.html,145,155,Silvestri-,PER,NIL
document_000488.html,211,226,Innocenzo Barbi,PER,NIL
document_000489.html,2,16,tratelli Corti,ORG,NIL
document_000489.html,174,180,Tofano,PER,Q4461492
document_000490.html,86,102,Lorenzo Alberani,PER,NIL
document_000490.html,104,116,Ettore Valla,PER,NIL
document_000490.html,118,134,Antonio Campiani,PER,NIL
document_000490.html,136,150,Felice ~Boghen,PER,Q55225713
document_000490.html,153,168,Francesco Corsi,PER,NIL
document_000491.html,47,62,teatro Pagliano,LOC,Q3982191
document_000491.html,66,72,Olello,MISC,Q172324
document_000492.html,95,100,Gabbi,PER,Q15057396
document_000493.html,45,51,Borgia,MISC,Q685501
document_000494.html,0,14,Don Chisciotte,ORG,NIL
document_000495.html,20,25,Carpi,PER,NIL
document_000495.html,89,94,Carpi,PER,NIL
document_000495.html,32,37,Linda,MISC,Q669382
document_000495.html,67,76,Commercio,ORG,NIL
document_000496.html,52,57,Carpi,PER,NIL
document_000496.html,245,250,Rieva,PER,NIL
document_000497.html,118,127,Il Secolo,ORG,Q126586
document_000498.html,0,10,Il Pungolo,ORG,NIL
document_000498.html,121,126,Carpi,PER,NIL
document_000498.html,335,340,Rieva,PER,NIL
document_000499.html,9,22,De Franceschi,PER,NIL
document_000499.html,206,219,De Franceschi,PER,NIL
document_000499.html,61,78,Patria del Friuli,ORG,NIL
document_000499.html,161,172,Sparafucile,PER,NIL
document_000500.html,22,29,Cuccoli,PER,NIL
document_000501.html,0,7,Cuccoli,PER,NIL
document_000501.html,154,167,Elena Cuceoli,PER,NIL
document_000503.html,41,50,Toresella,PER,Q104384426
document_000503.html,123,130,Falcone,PER,NIL
document_000504.html,23,32,Toresella,PER,Q104384426
document_000504.html,172,188,Circolo Barbieri,ORG,NIL
document_000504.html,266,287,principessa Moliterno,PER,NIL
document_000504.html,293,303,Lady Otway,PER,NIL
document_000505.html,10,19,Toresella,PER,Q104384426
document_000505.html,89,111,principessa di Cassero,PER,NIL
document_000505.html,126,134,bresella,PER,Q104384426
document_000506.html,0,14,Amelia Boriani,PER,NIL
document_000506.html,208,222,Amelia Boriani,PER,NIL
document_000506.html,36,47,teatro novo,LOC,Q3982081
document_000506.html,134,138,Arte,ORG,NIL
document_000507.html,82,91,Mirabilis,ORG,NIL
document_000507.html,288,293,Borbe,PER,Q3732024
document_000507.html,334,342,habanera,MISC,Q692648
document_000507.html,350,360,seguidilla,MISC,NIL
document_000507.html,361,372,dt Siviglia,MISC,NIL
document_000508.html,55,64,Nagherita,LOC,Q83471820
document_000509.html,22,29,Salassa,PER,NIL
document_000509.html,56,65,Escamillo,PER,NIL
document_000509.html,87,91,Rath,PER,NIL
document_000509.html,106,112,Boasso,PER,NIL
document_000509.html,117,123,Novari,PER,NIL
document_000509.html,130,136,Sgarbi,PER,NIL
document_000510.html,64,91,Politeama Regina Margherita,LOC,Q83471820
document_000511.html,3,10,Caffaro,ORG,Q17632799
document_000511.html,49,74,Giuseppina MusianiRizzoni,PER,NIL
document_000512.html,3,21,Gazzetta di Genova,ORG,NIL
document_000512.html,23,28,Epoca,ORG,NIL
document_000512.html,109,116,Musiani,PER,NIL
document_000513.html,34,41,Carobbi,PER,NIL
document_000513.html,72,80,Barbiere,MISC,Q208659
document_000513.html,123,131,Pogliani,PER,NIL
document_000513.html,136,145,Trovatore,MISC,Q203470
document_000514.html,39,46,Cantori,PER,NIL
document_000514.html,123,130,Torrigi,PER,NIL
document_000515.html,12,21,Trovatore,MISC,Q203470
document_000515.html,58,67,Rebuffini,PER,NIL
document_000515.html,104,119,Flora Mirabilis,ORG,NIL
document_000516.html,79,89,Pantaleoni,PER,NIL
document_000518.html,32,44,Mariano Neri,PER,NIL
document_000518.html,109,131,Margherita Delle Sedie,PER,NIL
document_000520.html,17,31,Capitale russa,LOC,Q656
document_000520.html,93,101,Pogliani,PER,NIL
document_000521.html,3,10,Garbini,PER,NIL
document_000521.html,16,27,Bellincioni,PER,Q289629
document_000521.html,29,37,Migliont,PER,NIL
document_000521.html,39,45,Vigley,PER,NIL
document_000521.html,46,52,Vivigy,PER,NIL
document_000521.html,132,138,Agnila,LOC,Q3476
document_000521.html,151,166,Romano Nannetti,PER,NIL
document_000522.html,76,81,Lucia,MISC,Q244209
document_000522.html,163,173,Sonnambuly,MISC,Q753123
document_000522.html,181,206,Municipale di Alessandria,LOC,NIL
document_000523.html,7,15,Martelli,PER,NIL
document_000523.html,103,118,Elisa Mattiuzzi,PER,NIL
document_000523.html,183,189,Hmilia,PER,NIL
document_000524.html,13,19,Ravogl,PER,Q75981316
document_000524.html,81,88,Carinen,MISC,Q185968
document_000524.html,94,101,BudaPes,LOC,Q1781
document_000524.html,120,127,Manzoni,LOC,Q3982043
document_000524.html,155,169,Regina di Saba,MISC,Q1314372
document_000524.html,178,184,Borgia,MISC,Q685501
document_000524.html,213,224,Bellincioni,PER,Q289629
document_000525.html,2,13,Pletroburgo,LOC,Q656
document_000525.html,60,68,Pogliani,PER,NIL
document_000525.html,93,103,Lina Cerne,PER,NIL
document_000525.html,137,146,Piontelli,PER,NIL
document_000526.html,109,116,Favotti,PER,NIL
document_000527.html,24,32,Crosmond,PER,NIL
document_000527.html,83,95,CoveniGarden,LOC,Q55018
document_000528.html,42,49,Gargano,PER,Q57239339
document_000528.html,80,85,Carpi,PER,NIL
document_000529.html,4,13,Argentina,LOC,Q588377
document_000529.html,93,98,Gnone,PER,NIL
document_000530.html,51,56,Gomes,PER,Q1635210
document_000530.html,92,101,Carmosina,MISC,NIL
document_000530.html,131,145,Alfredo Zonghi,PER,NIL
document_000530.html,163,177,Tile barotlint,PER,NIL
document_000532.html,52,70,Municipio di Fermo,LOC,NIL
