doc_id,start_pos,end_pos,surface,gt_id,type,identifier,title,answer,score
EXP-1798-01-04-a-i0005,978,992,Val-de-Travers,Q70526,LOC,Q70526,Val-de-Travers,,0
EXP-1798-01-04-a-i0005,1675,1689,Val de-Travers,Q70526,LOC,Q70526,Val-de-Travers,,0
EXP-1798-02-15-a-i0004,74,83,Neuchatel,Q69345,LOC,Q69345,Neuchâtel,"Based on the input text and the list of candidates, the entity mentioned between the [ENT] tags is ""Neuchâtel"". Given that the candidate with the wikipedia_page ""Neuchâtel"" and wikidata_id ""Q69345"" is highly confident, the corresponding Wikipedia page title and Wikidata ID are selected. The JSON response is: ```json {""wikipedia_page"":""Neuchâtel"", ""wikidata_id"":""Q69345""} ```",4.618776321411133
EXP-1798-02-15-a-i0004,659,672,sœurs _Gendre,NIL,PER,NIL,sœurs _Gendre,"Based on the provided input text and the list of candidates, neither of the entities mentioned between the [ENT] tags, ""Gendre"" and ""sœurs Gendre"", have a highly confident match with the candidates provided. Returning JSON: ```json {""wikipedia_page"":""NIL"", ""wikidata_id"":""NIL""} ```",0
EXP-1798-02-15-a-i0004,1900,1909,Neuchatel,Q69345,LOC,Q69345,Neuchâtel,,0
EXP-1798-02-15-a-i0004,2472,2501,sieur Quartier _^ instituteur,NIL,PER,NIL,sieur Quartier _^ instituteur,"```json { ""wikipedia_page"": ""NIL"", ""wikidata_id"": ""NIL"" } ```",0
EXP-1798-02-15-a-i0004,3030,3039,Neuchatel,Q69345,LOC,Q69345,Neuchâtel,,0
EXP-1808-09-01-a-i0001,369,383,Chaux-de-Fonds,Q68124,LOC,Q68124,La Chaux-de-Fonds,,0
EXP-1808-09-01-a-i0001,487,501,Chaùx-de-Fonds,Q68124,LOC,Q68124,La Chaux-de-Fonds,,0
EXP-1808-09-01-a-i0001,1088,1102,Chaux-de Fonds,Q68124,LOC,Q68124,La Chaux-de-Fonds,,0
EXP-1808-09-01-a-i0001,1168,1217,sieur cap itaine-lieutenant Jaques Henri Boûrquin,NIL,PER,NIL,sieur cap itaine-lieutenant Jaques Henri Boûrquin,"```json { ""wikipedia_page"": ""NIL"", ""wikidata_id"": ""NIL"" } ```",0
EXP-1808-09-01-a-i0001,1304,1317,Cote-aux-Fées,Q68526,LOC,Q68526,La Côte-aux-Fées,,0
EXP-1808-09-01-a-i0001,1865,1890,sieur Charles-Henri vêpre,NIL,PER,NIL,sieur Charles-Henri vêpre,"```json { ""wikipedia_page"": ""Charles-Henri Vêpre"", ""wikidata_id"": ""Q123456789"" } ```",0
EXP-1808-09-01-a-i0001,2083,2092,Neuchatel,Q69345,LOC,Q69345,Neuchâtel,,0
EXP-1808-09-01-a-i0001,2366,2375,Neuchatel,Q69345,LOC,Q69345,Neuchâtel,,0
EXP-1808-09-01-a-i0001,2695,2704,Neuchatel,Q69345,LOC,Q69345,Neuchâtel,,0
EXP-1808-09-01-a-i0001,2768,2775,Engolon,Q70469,LOC,Q70469,Engollon,,0
EXP-1808-09-01-a-i0001,3313,3321,Valangin,Q70194,LOC,Q70194,Valangin,,0
EXP-1808-09-01-a-i0001,3487,3495,Valangin,Q70194,LOC,Q70194,Valangin,,0
EXP-1808-09-01-a-i0001,3525,3533,la Sagne,Q68532,LOC,Q68532,La Sagne,,0
EXP-1808-09-01-a-i0001,3648,3657,Neuchatel,Q69345,LOC,Q69345,Neuchâtel,,0
EXP-1808-09-01-a-i0001,4591,4600,Neuchatel,Q69345,LOC,Q69345,Neuchâtel,,0
EXP-1808-09-01-a-i0001,4920,4927,Yverdon,Q63946,LOC,Q63946,Yverdon-les-Bains,,0
EXP-1808-09-01-a-i0001,5173,5180,Yveidon,Q63946,LOC,Q63946,Yverdon-les-Bains,,0
EXP-1808-09-01-a-i0001,5232,5253,"F. COREVOïT, greffier",NIL,PER,NIL,"F. COREVOïT, greffier","{ ""wikipedia_page"": ""NIL"", ""wikidata_id"": ""NIL"" }",0
EXP-1808-09-01-a-i0001,5448,5463,ruelle Honhomme,NIL,LOC,NIL,ruelle Honhomme,"```json { ""wikipedia_page"": ""NIL"", ""wikidata_id"": ""NIL"" } ```",0
EXP-1808-09-01-a-i0001,6388,6392,Bôle,Q70472,LOC,Q70472,Bôle,,0
EXP-1808-09-01-a-i0001,6906,6912,Bevaix,Q68700,LOC,Q68700,Bevaix,,0
EXP-1808-09-01-a-i0001,7044,7053,Neuchatel,Q69345,LOC,Q69345,Neuchâtel,,0
EXP-1828-06-12-a-i0001,596,601,Berne,Q70,LOC,Q70,Berne,,0
EXP-1828-06-12-a-i0001,744,752,Fribourg,Q36378,LOC,Q36378,Fribourg,,0
EXP-1828-06-12-a-i0001,756,762,Suisse,Q39,LOC,Q39,Suisse,,0
EXP-1828-06-12-a-i0001,972,977,Berne,Q70,LOC,Q70,Berne,,0
EXP-1828-06-12-a-i0001,2167,2172,Berne,Q70,LOC,Q70,Berne,,0
EXP-1828-06-12-a-i0001,2566,2571,Berne,Q70,LOC,Q70,Berne,,0
EXP-1828-06-12-a-i0001,5291,5321,AL le Comte Louis de Pourtalès,Q60107781,PER,Q60107781,Louis de Pourtalès,"```json {""wikipedia_page"":""Louis de Pourtalès"", ""wikidata_id"":""Q60107781""} ```",12.985447883605957
EXP-1828-06-12-a-i0001,5851,5860,Auvernier,Q70385,LOC,Q70385,Auvernier,,0
EXP-1828-06-12-a-i0001,6302,6307,Enges,Q68546,LOC,Q68546,Enges,"```json {""wikipedia_page"":""Enges"", ""wikidata_id"":""Q68546""} ```",13.305853843688965
EXP-1828-06-12-a-i0001,6799,6807,Valangin,Q70194,LOC,Q70194,Valangin,,0
EXP-1828-06-12-a-i0001,7686,7697,B. Viguerie,Q13080819,PER,Q13080819,Bernard Viguerie,,0
EXP-1828-06-12-a-i0001,8182,8191,Neuchâtel,Q69345,LOC,Q69345,Neuchâtel,,0
EXP-1828-06-12-a-i0001,8645,8657,grosdeNaples,Q2634,LOC,Q2634,Naples,"{ ""wikipedia_page"": ""Naples"", ""wikidata_id"": ""Q2634"" }",8.242203712463379
EXP-1828-06-12-a-i0001,8866,8874,Mulhouse,Q79815,LOC,Q79815,Mulhouse,,0
EXP-1828-06-12-a-i0001,9526,9542,Al Julie Steiner,NIL,PER,NIL,Al Julie Steiner,"```json {""wikipedia_page"":""NIL"", ""wikidata_id"":""NIL""} ```",0
EXP-1828-06-12-a-i0001,9753,9761,Florence,Q2044,LOC,Q2044,Florence,,0
EXP-1828-06-12-a-i0001,9986,9991,Paris,Q90,LOC,Q90,Paris,,0
EXP-1828-06-12-a-i0001,10338,10342,Inde,Q668,LOC,Q668,Inde,,0
EXP-1828-06-12-a-i0001,10859,10866,Annonay,Q238366,LOC,Q238366,Annonay,,0
EXP-1828-06-12-a-i0001,10962,10969,Palerme,Q2656,LOC,Q2656,Palerme,,0
EXP-1828-06-12-a-i0001,11110,11115,Dijon,Q7003,LOC,Q7003,Dijon,,0
EXP-1828-06-12-a-i0001,11569,11578,Vaumarcus,Q70467,LOC,Q70467,Vaumarcus,,0
EXP-1828-06-12-a-i0001,12143,12150,Cologne,Q365,LOC,Q365,Cologne,,0
EXP-1828-06-12-a-i0001,12183,12187,Nice,Q33959,LOC,Q33959,Nice,,0
EXP-1828-06-12-a-i0001,12194,12202,Provence,Q101081,LOC,Q101081,Provence,,0
EXP-1828-06-12-a-i0001,12245,12250,Paris,Q90,LOC,Q90,Paris,,0
EXP-1858-05-08-a-i0001,325,334,Neuchâtel,Q69345,LOC,Q69345,Neuchâtel,,0
EXP-1858-05-08-a-i0001,550,555,Locle,Q64093,LOC,Q64093,Le Locle,,0
EXP-1858-05-08-a-i0001,644,649,Locle,Q64093,LOC,Q64093,Le Locle,,0
EXP-1858-05-08-a-i0001,725,730,Locle,Q64093,LOC,Q64093,Le Locle,,0
EXP-1858-05-08-a-i0001,868,873,Locle,Q64093,LOC,Q64093,Le Locle,,0
EXP-1858-05-08-a-i0001,1037,1042,Locle,Q64093,LOC,Q64093,Le Locle,,0
EXP-1858-05-08-a-i0001,1181,1186,Locle,Q64093,LOC,Q64093,Le Locle,,0
EXP-1858-05-08-a-i0001,1319,1324,Locle,Q64093,LOC,Q64093,Le Locle,,0
EXP-1858-05-08-a-i0001,1363,1368,Locle,Q64093,LOC,Q64093,Le Locle,,0
EXP-1858-05-08-a-i0001,1541,1546,Locle,Q64093,LOC,Q64093,Le Locle,,0
EXP-1858-05-08-a-i0001,1720,1766,citoyen Louis-Edouard Hugiieiiin-Wuilleiiii'fî,NIL,PER,NIL,citoyen Louis-Edouard Hugiieiiin-Wuilleiiii'fî,"```json {""wikipedia_page"": ""NIL"", ""wikidata_id"": ""NIL""} ```",0
EXP-1858-05-08-a-i0001,1902,1907,Locle,Q64093,LOC,Q64093,Le Locle,,0
EXP-1858-05-08-a-i0001,2130,2135,Locle,Q64093,LOC,Q64093,Le Locle,,0
EXP-1858-05-08-a-i0001,2259,2264,Locle,Q64093,LOC,Q64093,Le Locle,,0
EXP-1858-05-08-a-i0001,2336,2341,Locle,Q64093,LOC,Q64093,Le Locle,,0
EXP-1858-05-08-a-i0001,2484,2489,Locle,Q64093,LOC,Q64093,Le Locle,,0
EXP-1858-05-08-a-i0001,2832,2837,Locle,Q64093,LOC,Q64093,Le Locle,,0
EXP-1858-05-08-a-i0001,3052,3069,la Chaux-de-Fonds,Q68124,LOC,Q68124,La Chaux-de-Fonds,,0
EXP-1858-05-08-a-i0001,3425,3442,la Chaux-de-Fonds,Q68124,LOC,Q68124,La Chaux-de-Fonds,,0
EXP-1858-05-08-a-i0001,3669,3677,de-Fonds,Q68124,LOC,Q68124,La Chaux-de-Fonds,,0
EXP-1858-05-08-a-i0001,3850,3864,Chaux-de-Fonds,Q68124,LOC,Q68124,La Chaux-de-Fonds,,0
EXP-1858-05-08-a-i0001,3979,3993,Chaux-de-Fonds,Q68124,LOC,Q68124,La Chaux-de-Fonds,,0
EXP-1858-05-08-a-i0001,4167,4184,la Chaux-de-Fonds,Q68124,LOC,Q68124,La Chaux-de-Fonds,,0
EXP-1858-05-08-a-i0001,4354,4371,la Chaux-de-Fonds,Q68124,LOC,Q68124,La Chaux-de-Fonds,,0
EXP-1858-05-08-a-i0001,4612,4624,Brot-Dessous,Q70522,LOC,Q70522,Brot-Dessous,,0
EXP-1858-05-08-a-i0001,4736,4742,Boudry,Q69507,LOC,Q69507,Boudry,,0
EXP-1868-04-22-a-i0042,33,88,"Sir Strafford Norlhcole, secrétaire d'Elat des colonies",Q332650,PER,Q332650,Stafford Northcote,"```json {""wikipedia_page"": ""Stafford Northcote"", ""wikidata_id"": ""Q332650""} ```",12.600323677062988
EXP-1868-04-22-a-i0042,940,948,M Pocbin,NIL,PER,NIL,M Pocbin,"Based on the provided list of candidates and the context of the text, I am not able to find a match with high confidence for the entity tagged with [ENT] M Pocbin. Therefore, I will return the value ""NIL"" for both the Wikipedia page title and Wikidata ID. ```json { ""wikipedia_page"": ""NIL"", ""wikidata_id"": ""NIL"" } ```",0
EXP-1868-04-22-a-i0042,1003,1009,France,Q142,LOC,Q142,France,,0
EXP-1868-04-22-a-i0042,1132,1139,Hérault,Q12545,LOC,Q12545,Hérault,,0
EXP-1868-04-22-a-i0042,1146,1160,Montagne-Noire,Q1509963,LOC,Q1509963,Montagne Noire,,0
EXP-1868-04-22-a-i0042,1191,1198,Avignon,Q6397,LOC,Q6397,Avignon,,0
EXP-1868-04-22-a-i0042,1332,1340,Provence,Q101081,LOC,Q101081,Provence,,0
EXP-1868-04-22-a-i0042,1347,1360,Bas-Languedoc,Q809717,LOC,Q809717,,,0
EXP-1868-04-22-a-i0042,1511,1516,Berne,Q11911,LOC,Q11911,canton de Berne,,0
EXP-1868-04-22-a-i0042,1679,1685,Valais,Q834,LOC,Q834,canton du Valais,,0
EXP-1868-04-22-a-i0042,1793,1797,Sion,Q68136,LOC,Q68136,Sion,,0
EXP-1868-04-22-a-i0042,1805,1813,Amérique,Q828,LOC,Q828,Amérique,,0
EXP-1868-04-22-a-i0042,1975,1987,Buénos-Ayrcs,Q1486,LOC,Q1486,Buenos Aires,,0
EXP-1868-04-22-a-i0042,1993,2003,Montevideo,Q1335,LOC,Q1335,Montevideo,,0
EXP-1868-04-22-a-i0042,2046,2061,Amérique du Sud,Q18,LOC,Q18,Amérique du Sud,,0
EXP-1868-04-22-a-i0042,2134,2143,NEUCHATEL,Q69345,LOC,Q69345,Neuchâtel,"```json { ""wikipedia_page"": ""Neuchâtel"", ""wikidata_id"": ""Q69345"" } ```",7.8083600997924805
EXP-1868-04-22-a-i0042,3527,3540,Fontainemelon,Q68544,LOC,Q68544,Fontainemelon,,0
EXP-1868-04-22-a-i0042,4061,4067,Areuse,Q111680,LOC,Q111680,Areuse,,0
EXP-1868-04-22-a-i0042,4101,4108,jeune R,NIL,PER,NIL,jeune R,"Based on the input text, the entity mentioned between the [ENT] tags is ""R"". Given the context and the list of candidates, none of the provided entities match this name with high confidence. Therefore, the response should be: ```json {""wikipedia_page"": ""NIL"", ""wikidata_id"": ""NIL""} ```",0
EXP-1868-04-22-a-i0042,4364,4370,Areuse,Q111680,LOC,Q111680,Areuse,,0
EXP-1878-02-14-a-i0050,21,25,ROME,Q220,LOC,Q220,Rome,,0
EXP-1878-02-14-a-i0050,29,35,Pie IX,Q43720,PER,Q43720,Pie IX,,0
EXP-1878-02-14-a-i0050,1227,1231,ROKE,Q220,LOC,Q220,Rome,"{""wikipedia_page"":""Rome"", ""wikidata_id"":""Q220""}",9.298177719116211
EXP-1878-02-14-a-i0050,1348,1352,Rome,Q220,LOC,Q220,Rome,,0
EXP-1878-02-14-a-i0050,1406,1417,Saint-Siège,Q159583,ORG,Q159583,Saint-Siège,,0
EXP-1878-02-14-a-i0050,1507,1516,St-Pierre,Q12512,LOC,Q12512,basilique Saint-Pierre,,0
EXP-1878-02-14-a-i0050,1561,1568,Vatican,Q237,LOC,Q237,Vatican,,0
EXP-1878-02-14-a-i0050,1649,1655,Pie IX,Q43720,PER,Q43720,Pie IX,,0
EXP-1878-02-14-a-i0050,1707,1711,ROME,Q220,LOC,Q220,Rome,,0
EXP-1878-02-14-a-i0050,1824,1828,Rome,Q220,LOC,Q220,Rome,,0
EXP-1878-02-14-a-i0050,2059,2075,chapelle Sixtine,Q2943,LOC,Q2943,chapelle Sixtine,,0
EXP-1878-02-14-a-i0050,2077,2084,LONDRES,Q84,LOC,Q84,Londres,,0
EXP-1878-02-14-a-i0050,2169,2183,Constantinople,Q16869,LOC,Q16869,Constantinople,,0
EXP-1878-02-14-a-i0050,2201,2208,Turquie,Q43,LOC,Q43,Turquie,,0
EXP-1878-02-14-a-i0050,2299,2313,Constantinople,Q16869,LOC,Q16869,Constantinople,,0
EXP-1878-02-14-a-i0050,2318,2330,Morning-Post,Q1750567,PROD,Q1750567,Morning Post,,0
EXP-1878-02-14-a-i0050,2342,2348,Berlin,Q64,LOC,Q64,Berlin,,0
EXP-1878-02-14-a-i0050,2402,2411,Reichstag,Q160208,ORG,Q160208,Reichstag,,0
EXP-1878-02-14-a-i0050,2661,2675,Constantinople,Q16869,LOC,Q16869,Constantinople,,0
EXP-1878-02-14-a-i0050,2680,2688,Standard,Q666494,PROD,Q666494,Evening Standard,"```json { ""wikipedia_page"": ""Evening Standard"", ""wikidata_id"": ""Q666494"" } ```",14.294305801391602
EXP-1878-02-14-a-i0050,2712,2719,Turquie,Q43,LOC,Q43,Turquie,,0
EXP-1878-02-14-a-i0050,2831,2837,Manche,Q34640,LOC,Q34640,Manche,,0
EXP-1878-02-14-a-i0050,2865,2874,Gibraltar,Q1410,LOC,Q1410,Gibraltar,,0
EXP-1878-02-14-a-i0050,3004,3010,Levant,Q81483,LOC,Q81483,Levant,,0
EXP-1878-02-14-a-i0050,3116,3130,ST-PéTEESBODEG,Q656,LOC,Q656,Saint-Pétersbourg,"Based on the analysis of the input text and the list of candidates, the entity mentioned between the [ENT] tags is ""ST-PéTEESBODEG"". The most appropriate Wikidata entity from the list of candidates is: ```json {""wikipedia_page"":""Saint-Pétersbourg"", ""wikidata_id"":""Q656""} ```",12.505277633666992
EXP-1878-02-14-a-i0050,3149,3168,prince Gortschakoff,Q327020,PER,Q327020,Alexandre Gortchakov,,0
EXP-1878-02-14-a-i0050,3204,3210,Berlin,Q64,LOC,Q64,Berlin,,0
EXP-1878-02-14-a-i0050,3212,3218,Vienne,Q1741,LOC,Q1741,Vienne,,0
EXP-1878-02-14-a-i0050,3220,3227,Londres,Q84,LOC,Q84,Londres,,0
EXP-1878-02-14-a-i0050,3229,3234,Paris,Q90,LOC,Q90,Paris,,0
EXP-1878-02-14-a-i0050,3238,3242,Rome,Q220,LOC,Q220,Rome,,0
EXP-1878-02-14-a-i0050,3368,3382,Constantinople,Q16869,LOC,Q16869,Constantinople,,0
EXP-1878-02-14-a-i0050,3695,3709,Constantinople,Q16869,LOC,Q16869,Constantinople,,0
EXP-1878-02-14-a-i0050,3915,3929,Constantinople,Q16869,LOC,Q16869,Constantinople,,0
EXP-1918-09-10-a-i0035,0,6,SUISSE,Q39,LOC,Q39,Suisse,"Based on the input text and the list of candidates provided, the most appropriate Wikidata entity for the entity tagged as [ENT] SUISSE is the one with the following information: - Wikipedia page: ""Suisse"" - Wikidata ID: ""Q39"" Here is the JSON-formatted answer: ```json {""wikipedia_page"":""Suisse"", ""wikidata_id"":""Q39""} ```",9.661088943481445
EXP-1918-09-10-a-i0035,234,251,canton de Schwytz,Q12433,LOC,Q12433,canton de Schwytz,,0
EXP-1918-09-10-a-i0035,531,537,Suisse,Q39,LOC,Q39,Suisse,,0
EXP-1918-09-10-a-i0035,668,677,Allemagne,Q183,LOC,Q183,Allemagne,,0
EXP-1918-09-10-a-i0035,736,742,Suisse,Q39,LOC,Q39,Suisse,,0
EXP-1918-09-10-a-i0035,1534,1539,Berne,Q70,LOC,Q70,Berne,"```json { ""wikipedia_page"": ""Berne"", ""wikidata_id"": ""Q70"" } ```",13.59479808807373
EXP-1918-09-10-a-i0035,2289,2305,Conseil National,Q676078,ORG,Q676078,Conseil national,,0
EXP-1918-09-10-a-i0035,2312,2327,Conseil fédéral,Q30917,ORG,Q30917,Conseil fédéral,,0
EXP-1918-09-10-a-i0035,2453,2469,Conseil national,Q676078,ORG,Q676078,Conseil national,,0
EXP-1918-09-10-a-i0035,2499,2514,__ etall ___. —,NIL,ORG,NIL,__ etall ___. —,"```json { ""wikipedia_page"": ""NIL"", ""wikidata_id"": ""NIL"" } ```",0
EXP-1918-09-10-a-i0035,2550,2556,Genève,Q71,LOC,Q71,Genève,,0
EXP-1918-09-10-a-i0035,2629,2640,Jules Bloch,Q3188436,PER,Q3188436,Jules Bloch,,0
EXP-1918-09-10-a-i0035,2803,2812,Allemagne,Q183,LOC,Q183,Allemagne,,0
EXP-1918-09-10-a-i0035,3067,3075,A. E. G.,Q158276,ORG,Q158276,Allgemeine Elektricitäts-Gesellschaft,"```json { ""wikipedia_page"": ""Allgemeine Elektricitäts-Gesellschaft"", ""wikidata_id"": ""Q158276"" } ```",13.34813117980957
EXP-1918-09-10-a-i0035,3256,3267,Jules Bloch,Q3188436,PER,Q3188436,Jules Bloch,,0
EXP-1918-09-10-a-i0035,3762,3776,M. de Rathenau,Q135645,PER,Q135645,Walther Rathenau,,0
EXP-1918-09-10-a-i0035,3877,3890,M. Schulthess,Q118243,PER,Q118243,Edmund Schulthess,,0
EXP-1918-09-10-a-i0035,4590,4598,C. F. F.,Q83835,ORG,Q83835,Chemins de fer fédéraux suisses,,0
EXP-1918-09-10-a-i0035,4633,4641,C. F. F.,Q83835,ORG,Q83835,Chemins de fer fédéraux suisses,,0
EXP-1918-09-10-a-i0035,4782,4797,Conseil fédéral,Q30917,ORG,Q30917,Conseil fédéral,,0
EXP-1918-09-10-a-i0035,4872,4880,C. F. F.,Q83835,ORG,Q83835,Chemins de fer fédéraux suisses,,0
EXP-1918-09-10-a-i0035,4987,4993,Suisse,Q39,LOC,Q39,Suisse,,0
EXP-1918-09-10-a-i0035,5500,5508,Germanie,Q183,LOC,Q183,Allemagne,,0
EXP-1918-09-10-a-i0035,5544,5554,Decauville,Q240681,ORG,Q240681,Decauville,"```json { ""wikipedia_page"": ""Decauville"", ""wikidata_id"": ""Q240681"" } ```",15.304821968078613
EXP-1918-09-10-a-i0035,5925,5931,Suisse,Q39,LOC,Q39,Suisse,,0
EXP-1918-09-10-a-i0035,6459,6468,Allemagne,Q183,LOC,Q183,Allemagne,,0
EXP-1918-09-10-a-i0035,6471,6482,Schaffhouse,Q9009,LOC,Q9009,Schaffhouse,,0
EXP-1918-09-10-a-i0035,6827,6832,BERNE,Q70,LOC,Q70,Berne,,0
EXP-1918-09-10-a-i0035,7056,7062,VALAIS,Q834,LOC,Q834,canton du Valais,,0
EXP-1918-09-10-a-i0035,7146,7153,Monthey,Q64051,LOC,Q64051,Monthey,,0
EXP-1918-09-10-a-i0035,7543,7548,Bulle,Q68308,LOC,Q68308,Bulle,,0
EXP-1918-09-10-a-i0035,8190,8197,Hongrie,Q28,LOC,Q28,Hongrie,,0
EXP-1918-09-10-a-i0035,8389,8415,"M. Musy, conseiller d'Etat",Q674180,PER,Q674180,Jean-Marie Musy,"{ ""wikipedia_page"": ""Jean-Marie Musy"", ""wikidata_id"": ""Q674180"" }",15.25015640258789
EXP-1918-09-10-a-i0035,8540,8546,GENÈVE,Q71,LOC,Q71,Genève,,0
EXP-1918-09-10-a-i0035,8617,8632,M. Ad. Lachenal,Q377118,PER,Q377118,Adrien Lachenal,,0
EXP-1918-09-10-a-i0035,9067,9073,Genève,Q71,LOC,Q71,Genève,,0
EXP-1918-12-13-a-i0061,78,83,Berne,Q70,LOC,Q70,Berne,,0
EXP-1918-12-13-a-i0061,111,126,Conseil fédéral,Q30917,ORG,Q30917,Conseil fédéral,,0
EXP-1918-12-13-a-i0061,297,312,Conseil fédéral,Q30917,ORG,Q30917,Conseil fédéral,,0
EXP-1918-12-13-a-i0061,445,449,Vaud,Q12771,LOC,Q12771,canton de Vaud,,0
EXP-1918-12-13-a-i0061,874,880,Zurich,Q72,LOC,Q72,Zurich,,0
EXP-1918-12-13-a-i0061,922,930,M. Ryser,Q18633299,PER,Q18633299,Émile Ryser,,0
EXP-1918-12-13-a-i0061,991,1006,Conseil fédéral,Q30917,ORG,Q30917,Conseil fédéral,,0
EXP-1918-12-13-a-i0061,1092,1108,Conseil national,Q676078,ORG,Q676078,Conseil national,,0
EXP-1918-12-13-a-i0061,1178,1183,Berne,Q70,LOC,Q70,Berne,,0
EXP-1918-12-13-a-i0061,1237,1242,Berne,Q70,LOC,Q70,Berne,,0
EXP-1918-12-13-a-i0061,1477,1493,Banque nationale,Q597394,ORG,Q597394,Banque nationale suisse,,0
EXP-1918-12-13-a-i0061,1564,1577,Confédération,Q170156,LOC,Q170156,confédération,"```json { ""wikipedia_page"": ""Confédération"", ""wikidata_id"": ""Q170156"" } ```",10.400410652160645
EXP-1918-12-13-a-i0061,1946,1952,Russie,Q159,LOC,Q159,Russie,,0
EXP-1918-12-13-a-i0061,2113,2123,M. Platten,Q124088,PER,Q124088,Fritz Platten,,0
EXP-1918-12-13-a-i0061,2125,2131,Zurich,Q72,LOC,Q72,Zurich,,0
EXP-1918-12-13-a-i0061,2443,2460,M. Jacques Schmid,Q994148,PER,Q994148,Jacques Schmid,,0
EXP-1918-12-13-a-i0061,2462,2469,Soleure,Q68965,LOC,Q68965,Soleure,"```json {""wikipedia_page"":""Soleure"", ""wikidata_id"":""Q68965""} ```",14.914682388305664
EXP-1918-12-13-a-i0061,2548,2555,Soleure,Q68965,LOC,Q68965,Soleure,"```json {""wikipedia_page"":""Soleure"", ""wikidata_id"":""Q68965""} ```",14.30064868927002
EXP-1918-12-13-a-i0061,2562,2569,Granges,Q68420,LOC,Q68420,Granges,"```json { ""wikipedia_page"": ""Granges"", ""wikidata_id"": ""Q68420"" } ```",12.651857376098633
EXP-1918-12-13-a-i0061,2725,2729,Vaud,Q12771,LOC,Q12771,canton de Vaud,,0
EXP-1918-12-13-a-i0061,3136,3142,Zurich,Q72,LOC,Q72,Zurich,,0
EXP-1918-12-13-a-i0061,3575,3581,Russie,Q159,LOC,Q159,Russie,,0
EXP-1918-12-13-a-i0061,3598,3605,Platten,Q124088,PER,Q124088,Fritz Platten,,0
EXP-1918-12-13-a-i0061,3822,3837,Conseil fédéral,Q30917,ORG,Q30917,Conseil fédéral,,0
EXP-1928-05-29-a-i0007,96,103,Kellogg,Q193009,PER,Q193009,Frank Billings Kellogg,"```json { ""wikipedia_page"": ""Frank Billings Kellogg"", ""wikidata_id"": ""Q193009"" } ```",14.721471786499023
EXP-1928-05-29-a-i0007,105,110,PARIS,Q90,LOC,Q90,Paris,"Based on the provided text, the entity mentioned between the [ENT] tags is ""Paris"". According to the given list of candidates, the most appropriate Wikidata entity for ""Paris"" is the entry with the Wikidata ID ""Q90"". Here is the JSON response: ```json {""wikipedia_page"":""Paris"", ""wikidata_id"":""Q90""} ```",15.145223617553711
EXP-1928-05-29-a-i0007,141,150,New. York,Q60,LOC,Q60,New York,,0
EXP-1928-05-29-a-i0007,156,170,Petit Parisien,Q831299,PROD,Q831299,Le Petit Parisien,,0
EXP-1928-05-29-a-i0007,318,325,Kellogg,Q193009,PER,Q193009,Frank Billings Kellogg,"{ ""wikipedia_page"": ""Frank Billings Kellogg"", ""wikidata_id"": ""Q193009"" }",14.684876441955566
EXP-1928-05-29-a-i0007,1042,1054,M. Venizelos,Q205545,PER,Q205545,Elefthérios Venizélos,,0
EXP-1928-05-29-a-i0007,1056,1063,LONDRES,Q84,LOC,Q84,Londres,,0
EXP-1928-05-29-a-i0007,1084,1094,Daily Mail,Q210534,PROD,Q210534,Daily Mail,,0
EXP-1928-05-29-a-i0007,1143,1148,Grèce,Q41,LOC,Q41,Grèce,,0
EXP-1928-05-29-a-i0007,1188,1200,M. Venizelos,Q205545,PER,Q205545,Elefthérios Venizélos,,0
EXP-1928-05-29-a-i0007,1412,1424,M. Venizelos,Q205545,PER,Q205545,Elefthérios Venizélos,,0
EXP-1928-05-29-a-i0007,1594,1604,Georges II,Q152935,PER,Q152935,Georges II,,0
EXP-1928-05-29-a-i0007,1614,1624,Constantin,Q152099,PER,Q152099,Constantin Ier de Grèce,,0
EXP-1928-05-29-a-i0007,1626,1638,M. Venizelos,Q205545,PER,Q205545,Elefthérios Venizélos,,0
EXP-1928-05-29-a-i0007,1823,1831,BELGRADE,Q3711,LOC,Q3711,Belgrade,,0
EXP-1928-05-29-a-i0007,1868,1876,Belgrade,Q3711,LOC,Q3711,Belgrade,,0
EXP-1928-05-29-a-i0007,1907,1913,Zagreb,Q1435,LOC,Q1435,Zagreb,,0
EXP-1928-05-29-a-i0007,1940,1948,Belgrade,Q3711,LOC,Q3711,Belgrade,,0
EXP-1928-05-29-a-i0007,2003,2009,Italie,Q38,LOC,Q38,Italie,,0
EXP-1928-05-29-a-i0007,2030,2038,Bulgarie,Q219,LOC,Q219,Bulgarie,,0
EXP-1928-05-29-a-i0007,2085,2090,Sofia,Q472,LOC,Q472,Sofia,,0
EXP-1928-05-29-a-i0007,2461,2466,PARIS,Q90,LOC,Q90,Paris,,0
EXP-1928-05-29-a-i0007,2493,2507,Petit Parisien,Q831299,PROD,Q831299,Le Petit Parisien,,0
EXP-1928-05-29-a-i0007,2953,2970,Vossische Zeitung,Q675003,PROD,Q675003,Vossische Zeitung,,0
EXP-1928-05-29-a-i0007,3019,3026,Silésie,Q81720,LOC,Q81720,Silésie,,0
EXP-1928-05-29-a-i0007,3045,3056,Reichenbach,Q157462,LOC,Q157462,Reichenbach,,0
EXP-1928-05-29-a-i0007,3060,3071,Schweitnitz,Q387396,LOC,Q387396,Świdnica,,0
EXP-1928-05-29-a-i0007,3367,3378,Reichenbach,Q157462,LOC,Q157462,Reichenbach,,0
EXP-1928-05-29-a-i0007,3385,3396,Schweitnitz,Q387396,LOC,Q387396,Świdnica,,0
EXP-1928-05-29-a-i0007,3517,3526,Weistritz,Q1018675,LOC,Q1018675,Bystrzyca,,0
EXP-1928-05-29-a-i0007,3573,3586,Riesengebirge,Q214644,LOC,Q214644,Monts des Géants,,0
EXP-1928-05-29-a-i0007,3723,3732,STOCKHOLM,Q1754,LOC,Q1754,Stockholm,,0
EXP-1928-05-29-a-i0007,3832,3845,ville de Sala,Q930262,LOC,Q930262,Sala,,0
EXP-1928-05-29-a-i0007,4253,4258,PARIS,Q90,LOC,Q90,Paris,"Based on the analysis of the input text and the provided list of candidates, the entity mentioned between the [ENT] tags is ""Paris"". The most appropriate Wikidata entity is: ```json {""wikipedia_page"": ""Paris"", ""wikidata_id"": ""Q90""} ```",14.771615982055664
EXP-1928-05-29-a-i0007,4264,4269,Havas,Q516033,ORG,Q516033,Havas,"```json { ""wikipedia_page"": ""Havas"", ""wikidata_id"": ""Q516033"" } ```",10.504985809326172
EXP-1928-05-29-a-i0007,4697,4705,BELGRADE,Q3711,LOC,Q3711,Belgrade,,0
EXP-1928-05-29-a-i0007,4791,4799,Belgrade,Q3711,LOC,Q3711,Belgrade,,0
EXP-1928-05-29-a-i0007,4809,4815,Italie,Q38,LOC,Q38,Italie,,0
EXP-1928-05-29-a-i0007,4974,4982,Belgrade,Q3711,LOC,Q3711,Belgrade,,0
EXP-1928-05-29-a-i0007,5028,5053,Buenos-Ayres BUENOS-AYRES,Q1486,LOC,Q1486,Buenos Aires,,0
EXP-1928-05-29-a-i0007,5289,5296,Wilkins,Q577806,PER,Q577806,George Hubert Wilkins,"Based on the provided text, the entities ""Wilkins"" and ""Eielson"" are mentioned. The candidates provided suggest that ""George Hubert Wilkins"" and ""Eielson"" (likely Richard Eielson) are individuals associated with the text. Given the context and the candidates, the most confident match for ""Wilkins"" is ""George Hubert Wilkins"" with the Wikidata ID ""Q577806"" and the Wikipedia page ""George Hubert Wilkins"". The entity ""Eielson"" is likely to be Richard Eielson, but since a more suitable candidate is not provided, we will use ""NIL"" as a fallback. Here is the JSON response: ```json {""wikipedia_page"":""George Hubert Wilkins"", ""wikidata_id"":""Q577806""} ```",15.300092697143555
EXP-1928-05-29-a-i0007,5310,5320,Copenhague,Q1748,LOC,Q1748,Copenhague,,0
EXP-1928-05-29-a-i0007,5322,5332,COPENHAGUE,Q1748,LOC,Q1748,Copenhague,,0
EXP-1928-05-29-a-i0007,5338,5343,Havas,Q516033,ORG,Q516033,Havas,"```json {""wikipedia_page"":""Havas"", ""wikidata_id"":""Q516033""} ```",7.997750759124756
EXP-1928-05-29-a-i0007,5373,5380,EielsOn,Q2938873,PER,Q2938873,Carl Ben Eielson,"```json { ""wikipedia_page"": ""Carl Ben Eielson"", ""wikidata_id"": ""Q2938873"" } ```",10.349153518676758
EXP-1928-05-29-a-i0007,5435,5439,Oslo,Q585,LOC,Q585,Oslo,,0
EXP-1928-05-29-a-i0007,5535,5544,Chantoung,Q43407,LOC,Q43407,Shandong,"```json {""wikipedia_page"":""Shandong"", ""wikidata_id"":""Q43407""} ```",13.805584907531738
EXP-1928-05-29-a-i0007,5546,5551,PARIS,Q90,LOC,Q90,Paris,,0
EXP-1928-05-29-a-i0007,5571,5584,Petit Journal,Q2115162,PROD,Q2115162,Le Petit Journal,,0
EXP-1928-05-29-a-i0007,5620,5627,Londres,Q84,LOC,Q84,Londres,,0
EXP-1928-05-29-a-i0007,5644,5649,Tokio,Q1490,LOC,Q1490,Tokyo,,0
EXP-1928-05-29-a-i0007,6029,6036,Mohamed,Q9458,PER,Q9458,Mahomet,,0
EXP-1928-05-29-a-i0007,6199,6207,Mohammed,Q9458,PER,Q9458,Mahomet,,0
EXP-1928-05-29-a-i0007,6564,6572,Mohammed,Q9458,PER,Q9458,Mahomet,,0
EXP-1928-08-15-a-i0065,21,28,THALWIL,Q68959,LOC,Q68959,Thalwil,,0
EXP-1928-08-15-a-i0065,111,119,Gattikon,Q22631161,LOC,Q22631161,Gattikon,,0
EXP-1928-08-15-a-i0065,129,136,Thalwil,Q68959,LOC,Q68959,Thalwil,,0
EXP-1928-08-15-a-i0065,622,629,THALWIL,Q68959,LOC,Q68959,Thalwil,"```json { ""wikipedia_page"": ""Thalwil"", ""wikidata_id"": ""Q68959"" } ```",15.046777725219727
EXP-1928-08-15-a-i0065,663,671,Gattikon,Q22631161,LOC,Q22631161,Gattikon,"{ ""wikipedia_page"": ""Gattikon"", ""wikidata_id"": ""Q22631161"" }",12.859774589538574
EXP-1928-08-15-a-i0065,1039,1045,WAENGI,Q68177,LOC,Q68177,Wängi,"Based on the input text and the list of candidates, the entity mentioned in the [ENT] tags is ""Wängi"". The most appropriate Wikidata entity from the list of candidates is: ```json {""wikipedia_page"":""Wängi"", ""wikidata_id"":""Q68177""} ```",14.713866233825684
EXP-1928-08-15-a-i0065,1136,1179,"M. Meier-Bâr, menuisier et ébéniste à Wângi",NIL,PER,NIL,"M. Meier-Bâr, menuisier et ébéniste à Wângi","```json { ""wikipedia_page"": ""NIL"", ""wikidata_id"": ""NIL"" } ```",0
EXP-1928-08-15-a-i0065,1181,1190,Thurgovie,Q12713,LOC,Q12713,canton de Thurgovie,,0
EXP-1928-08-15-a-i0065,1388,1392,MURI,Q69011,LOC,Q69011,Muri,"```json { ""wikipedia_page"": ""Muri"", ""wikidata_id"": ""Q69011"" } ```",14.073429107666016
EXP-1928-08-15-a-i0065,1468,1472,Bùnz,Q366169,LOC,Q366169,Bünz,,0
EXP-1928-08-15-a-i0065,1477,1484,Argovie,Q11972,LOC,Q11972,canton d'Argovie,,0
EXP-1928-08-15-a-i0065,1619,1626,LUCERNE,Q4191,LOC,Q4191,Lucerne,,0
EXP-1928-08-15-a-i0065,1677,1684,Neudorf,Q7149,LOC,Q7149,Neudorf,,0
EXP-1928-08-15-a-i0065,2012,2022,BREMGARTEN,Q64139,LOC,Q64139,Bremgarten AG,,0
EXP-1928-08-15-a-i0065,2024,2031,Argovie,Q11972,LOC,Q11972,canton d'Argovie,,0
EXP-1928-08-15-a-i0065,2058,2064,Bunzen,Q64784,LOC,Q64784,Bünzen,,0
EXP-1928-08-15-a-i0065,2230,2243,Sièrre SIERRE,Q68297,LOC,Q68297,Sierre,,0
EXP-1928-08-15-a-i0065,2400,2406,Sierre,Q68297,LOC,Q68297,Sierre,,0
EXP-1928-08-15-a-i0065,2788,2794,Sierre,Q68297,LOC,Q68297,Sierre,,0
EXP-1928-08-15-a-i0065,2847,2853,Valais,Q834,LOC,Q834,canton du Valais,,0
EXP-1928-08-15-a-i0065,2949,2964,Val d'Anniviers,Q672472,LOC,Q672472,val d'Anniviers,,0
EXP-1928-08-15-a-i0065,2996,3019,municipalité de Vissoye,Q689112,LOC,Q689112,Vissoie,,0
EXP-1928-08-15-a-i0065,3044,3052,Grimentz,Q869551,LOC,Q869551,Grimentz,,0
EXP-1928-08-15-a-i0065,3074,3078,ORBE,Q68213,LOC,Q68213,Orbe,"{ ""wikipedia_page"": ""Orbe"", ""wikidata_id"": ""Q68213"" }",12.591227531433105
GDL-1798-07-18-a-i0001,90,105,Canton du Léman,Q676467,LOC,Q676467,canton du Léman,,0
GDL-1798-07-18-a-i0001,203,213,Directoire,Q219817,ORG,Q219817,Directoire,"Given the provided text and list of candidates, we need to disambiguate the entities marked by [ENT] tags. The [ENT] tags in the text refer to two entities: ""Directoire"" and ""Directoire"". The most relevant Wikidata entity for ""Directoire"" is ""Directoire (France)"". The JSON-formatted answer is: ```json {""wikipedia_page"": ""Directoire"", ""wikidata_id"": ""Q219817""} ```",9.74210262298584
GDL-1798-07-18-a-i0001,381,391,Directoire,Q219817,ORG,Q219817,Directoire,"Based on the provided text, the entity mentioned between the [ENT] tags is likely referring to the ""Directoire"", the political regime in France during the First Republic from 1795 to 1799. The most appropriate Wikidata entity from the list of candidates is: ```json {""wikipedia_page"":""Directoire"", ""wikidata_id"":""Q219817""} ```",12.73110580444336
GDL-1798-07-18-a-i0001,1138,1148,Ca * rrard,NIL,PER,NIL,Ca * rrard,"```json {""wikipedia_page"": ""NIL"", ""wikidata_id"": ""NIL""} ```",0
GDL-1798-07-18-a-i0001,1150,1155,Huffi,NIL,PER,NIL,Huffi,"{""wikipedia_page"": ""NIL"", ""wikidata_id"": ""NIL""}",0
GDL-1798-07-18-a-i0001,1157,1166,Bourgeois,NIL,PER,NIL,Bourgeois,"{ ""wikipedia_page"": ""NIL"", ""wikidata_id"": ""NIL"" }",0
GDL-1798-07-18-a-i0001,1169,1173,Haas,NIL,PER,NIL,Haas,"Here is the JSON response: ```json {""wikipedia_page"":""NIL"", ""wikidata_id"":""NIL""} ```",0
GDL-1818-03-13-a-i0005,0,6,Suisse,Q39,LOC,Q39,Suisse,,0
GDL-1818-03-13-a-i0005,23,52,S. A. le prince ds Metternich,Q45662,PER,Q45662,Klemens Wenzel von Metternich,"Based on the provided input text and the list of candidates, the entity [ENT] ""S. A. le prince ds Metternich"" refers to ""Klemens Wenzel von Metternich"". Here is the JSON object with the selected entity: ```json { ""wikipedia_page"": ""Klemens Wenzel von Metternich"", ""wikidata_id"": ""Q45662"" } ```",8.529834747314453
GDL-1818-03-13-a-i0005,63,69,Vienne,Q1741,LOC,Q1741,Vienne,,0
GDL-1818-03-13-a-i0005,1042,1047,Berne,Q70,LOC,Q70,Berne,,0
GDL-1818-03-13-a-i0005,1378,1385,Trieste,Q546,LOC,Q546,Trieste,,0
GDL-1818-03-13-a-i0005,1387,1396,Marseille,Q23482,LOC,Q23482,Marseille,,0
GDL-1818-03-13-a-i0005,1400,1408,Livourne,Q6761,LOC,Q6761,Livourne,,0
GDL-1818-03-13-a-i0005,1645,1652,Soleure,Q68965,LOC,Q68965,Soleure,,0
GDL-1818-03-13-a-i0005,1676,1680,Bâle,Q78,LOC,Q78,Bâle,,0
GDL-1818-03-13-a-i0005,1903,1910,Lucerne,Q12121,LOC,Q12121,canton de Lucerne,,0
GDL-1818-03-13-a-i0005,2647,2656,Thurgovie,Q12713,LOC,Q12713,canton de Thurgovie,,0
GDL-1818-03-13-a-i0005,3901,3907,France,Q142,LOC,Q142,France,,0
GDL-1818-03-13-a-i0005,4685,4693,Varsovie,Q270,LOC,Q270,Varsovie,,0
GDL-1818-03-13-a-i0005,4699,4706,Soleure,Q68965,LOC,Q68965,Soleure,,0
GDL-1818-03-13-a-i0005,4754,4771,général Koskiusko,Q191479,PER,Q191479,Tadeusz Kościuszko,,0
GDL-1818-03-13-a-i0005,4787,4791,Bâle,Q78,LOC,Q78,Bâle,,0
GDL-1818-03-13-a-i0005,4823,4828,Suède,Q34,LOC,Q34,Suède,"```json { ""wikipedia_page"": ""Suède"", ""wikidata_id"": ""Q34"" } ```",14.041007995605469
GDL-1818-03-13-a-i0005,5278,5287,Ge : ièva,Q71,LOC,Q71,Genève,"{""wikipedia_page"":""Genève"", ""wikidata_id"":""Q71""}",7.386205673217773
GDL-1818-03-13-a-i0005,5529,5537,Hambourg,Q1055,LOC,Q1055,Hambourg,,0
GDL-1818-03-13-a-i0005,5565,5571,Genève,Q71,LOC,Q71,Genève,,0
GDL-1818-08-04-a-i0002,0,6,France,Q142,LOC,Q142,France,,0
GDL-1818-08-04-a-i0002,8,13,PARIS,Q90,LOC,Q90,Paris,,0
GDL-1818-08-04-a-i0002,362,368,France,Q142,LOC,Q142,France,,0
GDL-1818-08-04-a-i0002,507,516,Bonaparte,Q517,PER,Q517,Napoléon Ier,,0
GDL-1818-08-04-a-i0002,580,594,général Canuel,Q3484236,PER,Q3484236,Simon Canuel,,0
GDL-1818-08-04-a-i0002,877,888,-jH. Canuel,Q3484236,PER,Q3484236,Simon Canuel,"```json {""wikipedia_page"":""Simon Canuel"",""wikidata_id"":""Q3484236""} ```",13.985579490661621
GDL-1818-08-04-a-i0002,1255,1261,Calais,Q6454,LOC,Q6454,Calais,,0
GDL-1818-08-04-a-i0002,2448,2468,commune- de Marsannè,Q659785,LOC,Q659785,Marsanne,,0
GDL-1818-08-04-a-i0002,2470,2475,Drôme,Q3364,LOC,Q3364,Drôme,,0
GDL-1818-08-04-a-i0002,3286,3294,St. Malo,Q163108,LOC,Q163108,Saint-Malo,,0
GDL-1818-08-04-a-i0002,3336,3346,% Domingue,Q861551,LOC,Q861551,Saint-Domingue,"```json { ""wikipedia_page"": ""Saint-Domingue"", ""wikidata_id"": ""Q861551"" } ```",7.95743465423584
GDL-1818-08-04-a-i0002,3386,3392,Pétion,Q353464,PER,Q353464,Alexandre Pétion,"Given the input text and the list of candidates, the entity mentioned between the [ENT] tags appears to be ""Pétion."" After reviewing the list of candidates, the most appropriate and confident match is: - **Wikipedia Page Title:** Alexandre Pétion - **Wikidata ID:** Q353464 Thus, the JSON-formatted answer is: ```json {""wikipedia_page"":""Alexandre Pétion"", ""wikidata_id"":""Q353464""} ```",10.85460376739502
GDL-1818-08-04-a-i0002,3527,3539,Chris-'tophe,Q353458,PER,Q353458,Henri Christophe,"```json { ""wikipedia_page"": ""Henri Christophe"", ""wikidata_id"": ""Q353458"" } ```",9.95346736907959
GDL-1818-08-04-a-i0002,3824,3829,Paris,Q90,LOC,Q90,Paris,,0
GDL-1818-08-04-a-i0002,4097,4104,Aiaccio,Q40104,LOC,Q40104,Ajaccio,,0
GDL-1818-08-04-a-i0002,4348,4354,France,Q142,LOC,Q142,France,,0
GDL-1818-08-04-a-i0002,4360,4366,Italie,Q38,LOC,Q38,Italie,,0
GDL-1828-07-04-a-i0008,9,15,MADRID,Q2807,LOC,Q2807,Madrid,"```json {""wikipedia_page"": ""Madrid"", ""wikidata_id"": ""Q2807""} ```",13.579484939575195
GDL-1828-07-04-a-i0008,77,83,Oporto,Q36433,LOC,Q36433,Porto,"```json { ""wikipedia_page"": ""Porto"", ""wikidata_id"": ""Q36433"" } ```",15.220247268676758
GDL-1828-07-04-a-i0008,392,398,Oporto,Q36433,LOC,Q36433,Porto,,0
GDL-1828-07-04-a-i0008,406,413,Coïmbre,Q45412,LOC,Q45412,Coimbra,,0
GDL-1828-07-04-a-i0008,607,614,Coïmbre,Q45412,LOC,Q45412,Coimbra,,0
GDL-1828-07-04-a-i0008,968,978,ddn Miguel,Q310790,PER,Q310790,Michel Ier de Portugal,"Based on the provided text and candidates, the entity mentioned between the [ENT] tags is ""Miguel I de Portugal"". This entity is high-confidence and appears in the list of candidates. ```json {""wikipedia_page"":""Michel Ier de Portugal"", ""wikidata_id"":""Q310790""} ```",14.167360305786133
GDL-1828-07-04-a-i0008,1400,1406,FRANCE,Q142,LOC,Q142,France,,0
GDL-1828-07-04-a-i0008,1567,1573,France,Q142,LOC,Q142,France,,0
GDL-1828-07-04-a-i0008,2606,2612,Suisse,Q39,LOC,Q39,Suisse,,0
GDL-1828-07-04-a-i0008,2890,2896,France,Q142,LOC,Q142,France,,0
GDL-1828-07-04-a-i0008,3098,3104,France,Q142,LOC,Q142,France,,0
GDL-1828-07-04-a-i0008,3587,3593,France,Q142,LOC,Q142,France,,0
GDL-1828-07-04-a-i0008,4101,4110,MARSEILLE,Q23482,LOC,Q23482,Marseille,,0
GDL-1828-07-04-a-i0008,4137,4142,Tunis,Q3572,LOC,Q3572,Tunis,,0
GDL-1828-07-04-a-i0008,4235,4242,Navarin,Q238440,LOC,Q238440,bataille de Navarin,,0
GDL-1828-07-04-a-i0008,4454,4461,Biserte,Q189546,LOC,Q189546,Bizerte,,0
GDL-1838-05-15-a-i0002,0,7,AFRIQUE,Q15,LOC,Q15,Afrique,,0
GDL-1838-05-15-a-i0002,52,61,deBelidah,Q216990,LOC,Q216990,Blida,,0
GDL-1838-05-15-a-i0002,128,134,France,Q142,LOC,Q142,France,"Based on the analysis of the provided text and the list of candidates, the most appropriate Wikidata entity for the entity mentioned between the [ENT] tags is ""France"". Therefore, the JSON response is: ```json {""wikipedia_page"":""France"", ""wikidata_id"":""Q142""} ```",14.546180725097656
GDL-1838-05-15-a-i0002,139,153,maréchal Valée,Q1743317,PER,Q1743317,Sylvain Charles Valée,,0
GDL-1838-05-15-a-i0002,221,228,Bélidah,Q216990,LOC,Q216990,Blida,,0
GDL-1838-05-15-a-i0002,562,569,Bélidah,Q216990,LOC,Q216990,Blida,,0
GDL-1838-05-15-a-i0002,895,901,France,Q142,LOC,Q142,France,,0
GDL-1848-07-04-a-i0001,0,20,CONFÉDÉRATION SUISSE,Q39,LOC,Q39,Suisse,"```json {""wikipedia_page"":""Confédération suisse"",""wikidata_id"":""Q39""} ```",15.356769561767578
GDL-1848-07-04-a-i0001,1649,1669,Confédération Suisse,Q39,LOC,Q39,Suisse,,0
GDL-1848-07-04-a-i0001,1873,1880,Argovie,Q11972,LOC,Q11972,canton d'Argovie,,0
GDL-1848-07-04-a-i0001,2127,2144,conseil des Etals,Q609037,ORG,Q609037,Conseil des États,"```json {""wikipedia_page"":""Conseil des États"", ""wikidata_id"":""Q609037""} ```",14.642696380615234
GDL-1848-07-04-a-i0001,2541,2547,Suisse,Q39,LOC,Q39,Suisse,,0
GDL-1848-07-04-a-i0001,2577,2583,Europe,Q46,LOC,Q46,Europe,,0
GDL-1848-07-04-a-i0001,3034,3040,Suisse,Q39,LOC,Q39,Suisse,,0
GDL-1848-07-04-a-i0001,3530,3536,Genève,Q11917,LOC,Q11917,canton de Genève,,0
GDL-1848-07-04-a-i0001,3777,3791,canton de Vaud,Q12771,LOC,Q12771,canton de Vaud,,0
GDL-1848-07-04-a-i0001,4084,4094,Sonderbund,Q672595,ORG,Q672595,Sonderbund,,0
GDL-1848-07-04-a-i0001,4166,4172,Suisse,Q39,LOC,Q39,Suisse,,0
GDL-1848-07-04-a-i0001,4333,4342,Thurgovie,Q12713,LOC,Q12713,canton de Thurgovie,,0
GDL-1848-07-04-a-i0001,4724,4730,Zurich,Q11943,LOC,Q11943,canton de Zurich,,0
GDL-1848-07-04-a-i0001,4741,4753,Schaff Iwtme,Q12697,LOC,Q12697,canton de Schaffhouse,,0
GDL-1848-07-04-a-i0001,4755,4762,St-Gall,Q12746,LOC,Q12746,canton de Saint-Gall,,0
GDL-1848-07-04-a-i0001,4764,4771,Argovie,Q11972,LOC,Q11972,canton d'Argovie,,0
GDL-1848-07-04-a-i0001,4773,4779,Valais,Q834,LOC,Q834,canton du Valais,,0
GDL-1848-07-04-a-i0001,4790,4799,Thurgovie,Q12713,LOC,Q12713,canton de Thurgovie,,0
GDL-1848-07-04-a-i0001,4801,4809,Gri sons,Q11925,LOC,Q11925,canton des Grisons,,0
GDL-1848-07-04-a-i0001,4811,4824,Baie campagne,Q12146,LOC,Q12146,canton de Bâle-Campagne,"Based on the analysis of the provided text, the entity mentioned between the [ENT] tags is ""Baie campagne"". After reviewing the list of candidates, it is clear that the most appropriate Wikidata entity is ""canton de Bâle-Campagne"". Therefore, the JSON response is as follows: ```json {""wikipedia_page"":""canton de Bâle-Campagne"", ""wikidata_id"":""Q12146""} ```",13.569718360900879
GDL-1848-07-04-a-i0001,4826,4834,Fribourg,Q12640,LOC,Q12640,canton de Fribourg,,0
GDL-1848-07-04-a-i0001,4836,4842,Glaris,Q11922,LOC,Q11922,canton de Glaris,,0
GDL-1848-07-04-a-i0001,4854,4857,Zug,Q11933,LOC,Q11933,canton de Zoug,,0
GDL-1848-07-04-a-i0001,4859,4868,Neuchâlel,Q12738,LOC,Q12738,canton de Neuchâtel,,0
GDL-1848-07-04-a-i0001,4884,4888,Vaud,Q12771,LOC,Q12771,canton de Vaud,,0
GDL-1848-07-04-a-i0001,4913,4920,Schwylz,Q12433,LOC,Q12433,canton de Schwytz,,0
GDL-1848-07-04-a-i0001,4949,4952,Uri,Q12404,LOC,Q12404,canton d'Uri,,0
GDL-1848-07-04-a-i0001,4969,4988,Appenzell-intérieur,Q12094,LOC,Q12094,canton d'Appenzell Rhodes-Intérieures,,0
GDL-1848-07-04-a-i0001,5180,5185,Berne,Q11911,LOC,Q11911,canton de Berne,,0
GDL-1848-07-04-a-i0001,5254,5264,Bàle-ville,Q12172,LOC,Q12172,canton de Bâle-Ville,,0
GDL-1848-07-04-a-i0001,5266,5271,Berne,Q11911,LOC,Q11911,canton de Berne,,0
GDL-1848-07-04-a-i0001,5275,5281,Genève,Q11917,LOC,Q11917,canton de Genève,,0
GDL-1848-07-04-a-i0001,5283,5288,Berne,Q11911,LOC,Q11911,canton de Berne,,0
GDL-1848-07-04-a-i0001,5615,5621,Europe,Q46,LOC,Q46,Europe,,0
GDL-1848-07-04-a-i0001,5666,5672,Suisse,Q39,LOC,Q39,Suisse,,0
GDL-1848-07-04-a-i0001,5931,5938,GRISONS,Q11925,LOC,Q11925,canton des Grisons,"Based on the provided input text and the list of candidates, the entity mentioned between the [ENT] tags, ""GRISONS"" appears to most likely refer to the ""canton des Grisons"". The text discusses the events of the European continent and mentions the Swiss canton in the context of its neutrality and political situation. Therefore, the disambiguated entity with high confidence is: ```json {""wikipedia_page"": ""canton des Grisons"", ""wikidata_id"": ""Q11925""} ```",15.217850685119629
GDL-1848-07-04-a-i0001,6491,6501,Luinbardie,Q1210,LOC,Q1210,Lombardie,"Based on the provided input text and the list of candidates, the most appropriate Wikidata entity for the entity mentioned between the [ENT] tags is ""Lombardie"". Here is the JSON response: ```json { ""wikipedia_page"": ""Lombardie"", ""wikidata_id"": ""Q1210"" } ```",14.177197456359863
GDL-1848-07-04-a-i0001,7460,7464,Rhin,Q584,LOC,Q584,Rhin,,0
GDL-1848-07-04-a-i0001,8050,8056,Suisse,Q39,LOC,Q39,Suisse,,0
GDL-1848-07-04-a-i0001,8181,8187,Suisse,Q39,LOC,Q39,Suisse,,0
GDL-1848-07-04-a-i0001,9283,9290,JNeyruz,Q66466,LOC,Q66466,Neyruz,"```json { ""wikipedia_page"": ""Neyruz"", ""wikidata_id"": ""Q66466"" } ```",11.423816680908203
GDL-1848-07-04-a-i0001,9717,9739,MM. le docleur Bussard,Q18683241,PER,Q18683241,Jean-François-Marcellin Bussard,"{ ""wikipedia_page"": ""Jean-François-Marcellin Bussard"", ""wikidata_id"": ""Q18683241"" }",14.369217872619629
GDL-1848-07-04-a-i0001,9898,9912,conseil d'Etat,Q2717001,ORG,Q2717001,Conseil d'État du canton de Fribourg,"```json {""wikipedia_page"": ""Conseil d'État du canton de Fribourg"", ""wikidata_id"": ""Q2717001""} ```",14.632669448852539
GDL-1848-07-04-a-i0001,9961,9978,M. Abram Fasnacht,NIL,PER,NIL,M. Abram Fasnacht,"```json {""wikipedia_page"":""NIL"", ""wikidata_id"":""NIL""} ```",0
GDL-1848-07-04-a-i0001,10037,10046,M. Thorin,Q15663331,PER,Q15663331,Alexandre Thorin," { ""wikipedia_page"": ""Alexandre Thorin"", ""wikidata_id"": ""Q15663331"" }",14.351101875305176
GDL-1848-07-04-a-i0001,10223,10245,district de la St-Gine,Q645585,LOC,Q645585,district de la Singine,"```json { ""wikipedia_page"": ""district de la Singine"", ""wikidata_id"": ""Q645585"" } ```",12.453654289245605
GDL-1848-07-04-a-i0001,11546,11556,Sonderbund,Q672595,ORG,Q672595,Sonderbund,,0
GDL-1848-07-04-a-i0001,11617,11623,Vienne,Q1741,LOC,Q1741,Vienne,,0
GDL-1848-07-04-a-i0001,11850,11856,Vienne,Q1741,LOC,Q1741,Vienne,,0
GDL-1848-07-04-a-i0001,12343,12350,Argovie,Q11972,LOC,Q11972,canton d'Argovie,,0
GDL-1848-07-04-a-i0001,12430,12515,"Henri Zschokke, cet aimable et infatigable écrivain, l'ami et l'instituteur du peuple",Q66207,PER,Q66207,Johann Heinrich Daniel Zschokke,,0
GDL-1848-07-04-a-i0001,12541,12545,Arau,Q14274,LOC,Q14274,Aarau,,0
GDL-1848-07-04-a-i0001,13169,13175,France,Q142,LOC,Q142,France,,0
GDL-1848-07-04-a-i0001,13885,13891,France,Q142,LOC,Q142,France,,0
GDL-1848-10-03-a-i0001,0,20,CONFÉDÉRATION SUISSE,Q39,LOC,Q39,Suisse,,0
GDL-1848-10-03-a-i0001,32,42,Directoire,Q219817,ORG,Q219817,Directoire,"```json {""wikipedia_page"":""Directoire"", ""wikidata_id"":""Q219817""} ```",11.694982528686523
GDL-1848-10-03-a-i0001,902,924,conseillers Oehsenbein,Q558011,PER,Q558011,Ulrich Ochsenbein,"```json {""wikipedia_page"": ""Ulrich Ochsenbein"", ""wikidata_id"": ""Q558011""} ```",9.526226043701172
GDL-1848-10-03-a-i0001,928,937,Slajmpfly,Q662344,PER,Q662344,Jakob Stämpfli,,0
GDL-1848-10-03-a-i0001,1042,1049,Aarberg,Q64113,LOC,Q64113,Aarberg,,0
GDL-1848-10-03-a-i0001,1128,1133,Berne,Q70,LOC,Q70,Berne,,0
GDL-1848-10-03-a-i0001,1280,1297,conseil des Etats,Q609037,ORG,Q609037,Conseil des États,,0
GDL-1848-10-03-a-i0001,1327,1342,conseil fédéral,Q30917,ORG,Q30917,Conseil fédéral,,0
GDL-1848-10-03-a-i0001,1419,1433,bataillon Fiih,NIL,ORG,NIL,bataillon Fiih,"```json { ""wikipedia_page"": ""NIL"", ""wikidata_id"": ""NIL"" } ```",0
GDL-1848-10-03-a-i0001,1438,1445,Sl-Gall,Q12746,LOC,Q12746,canton de Saint-Gall,,0
GDL-1848-10-03-a-i0001,1582,1592,Bellinzone,Q64044,LOC,Q64044,Bellinzone,,0
GDL-1848-10-03-a-i0001,1759,1767,Inspruck,Q1735,LOC,Q1735,Innsbruck,,0
GDL-1848-10-03-a-i0001,1850,1857,Messine,Q13666,LOC,Q13666,Messine,,0
GDL-1848-10-03-a-i0001,2022,2029,Messine,Q13666,LOC,Q13666,Messine,,0
GDL-1848-10-03-a-i0001,3324,3338,faubourg Zaera,NIL,LOC,NIL,faubourg Zaera,"```json {""wikipedia_page"": ""NIL"", ""wikidata_id"": ""NIL""} ```",0
GDL-1848-10-03-a-i0001,3490,3506,ville de Messine,Q13666,LOC,Q13666,Messine,,0
GDL-1848-10-03-a-i0001,3658,3671,M. Gonzenbacb,NIL,PER,NIL,M. Gonzenbacb,"```json { ""wikipedia_page"": ""NIL"", ""wikidata_id"": ""NIL"" } ```",0
GDL-1848-10-03-a-i0001,3918,3930,MM. Colondre,NIL,PER,NIL,MM. Colondre,"Given the input text and the list of candidates, the most likely disambiguation for the entity mentioned between the [ENT] tags is: ```json { ""wikipedia_page"": ""M. Gonzenbacb"", ""wikidata_id"": ""NIL"" } ``` Explanation: 1. The input text mentions ""M. Gonzenbacb"" within the [ENT] tags. 2. None of the provided candidates exactly match ""M. Gonzenbacb"". 3. Therefore, the most appropriate decision is to classify this entity as ""NIL"".",0
GDL-1848-10-03-a-i0001,3990,4009,M. Valenlin Schaber,NIL,PER,NIL,M. Valenlin Schaber,"Based on the input text and the provided list of candidates, the entity ""M. Valenlin Schaber"" does not match any of the candidates with high confidence. Therefore, the answer is: ```json {""wikipedia_page"":"""", ""wikidata_id"":""NIL""} ```",0
GDL-1848-10-03-a-i0001,4125,4144,MM. A. Diernwachter,NIL,PER,NIL,MM. A. Diernwachter,"```json {""wikipedia_page"":""NIL"", ""wikidata_id"":""NIL""} ```",0
GDL-1848-10-03-a-i0001,4638,4643,Berne,Q11911,LOC,Q11911,canton de Berne,,0
GDL-1848-10-03-a-i0001,4759,4765,Suisse,Q39,LOC,Q39,Suisse,,0
GDL-1848-10-03-a-i0001,4829,4848,grand duché de Bade,Q186320,LOC,Q186320,grand-duché de Bade,,0
GDL-1848-10-03-a-i0001,4925,4931,Suisse,Q39,LOC,Q39,Suisse,,0
GDL-1848-10-03-a-i0001,5517,5523,Suisse,Q39,LOC,Q39,Suisse,,0
GDL-1848-10-03-a-i0001,5542,5551,Francfort,Q1794,LOC,Q1794,Francfort-sur-le-Main,,0
GDL-1848-10-03-a-i0001,5562,5569,Cologne,Q365,LOC,Q365,Cologne,,0
GDL-1848-10-03-a-i0001,5656,5661,Berne,Q70,LOC,Q70,Berne,,0
GDL-1848-10-03-a-i0001,5812,5820,Radelzki,Q153500,PER,Q153500,Joseph Radetzky,,0
GDL-1848-10-03-a-i0001,5973,5982,Lombardie,Q1210,LOC,Q1210,Lombardie,,0
GDL-1848-10-03-a-i0001,6370,6376,Vienne,Q1741,LOC,Q1741,Vienne,,0
GDL-1848-10-03-a-i0001,6411,6421,Directoire,Q219817,ORG,Q219817,Directoire,"Based on the provided text and the list of candidates, the entity mentioned between the [ENT] tags, ""Directoire,"" is highly confidently represented as one of the candidates. Therefore, the corresponding Wikipedia page title and Wikidata ID of the selected entity are: ```json {""wikipedia_page"":""Directoire"", ""wikidata_id"":""Q219817""} ```",8.472525596618652
GDL-1848-10-03-a-i0001,7258,7264,Konitz,Q64058,LOC,Q64058,Köniz,"Based on the analysis of the input text, the entity mentioned between the [ENT] tags is ""Konitz"". Among the provided list of candidates, the most appropriate Wikidata entity is ""Konitz"" (Q64058), which is a commune in Switzerland. Here is the JSON-formatted answer: ```json {""wikipedia_page"":""Köniz"", ""wikidata_id"":""Q64058""} ```",13.616630554199219
GDL-1848-10-03-a-i0001,7311,7321,Ochsenbein,Q558011,PER,Q558011,Ulrich Ochsenbein,,0
GDL-1848-10-03-a-i0001,7973,7977,Jura,Q12755,LOC,Q12755,canton du Jura,,0
GDL-1858-07-12-a-i0002,22,28,FRANGE,Q142,LOC,Q142,France,,0
GDL-1858-07-12-a-i0002,75,80,Paris,Q90,LOC,Q90,Paris,,0
GDL-1858-07-12-a-i0002,230,240,Angleterre,Q21,LOC,Q21,Angleterre,,0
GDL-1858-07-12-a-i0002,356,370,reine Victoria,Q9439,PER,Q9439,Victoria,,0
GDL-1858-07-12-a-i0002,428,442,M. de Persigny,Q3174556,PER,Q3174556,Victor de Persigny,,0
GDL-1858-07-12-a-i0002,552,557,Paris,Q90,LOC,Q90,Paris,,0
GDL-1858-07-12-a-i0002,605,615,Angleterre,Q21,LOC,Q21,Angleterre,,0
GDL-1858-07-12-a-i0002,722,728,France,Q142,LOC,Q142,France,,0
GDL-1858-07-12-a-i0002,1435,1449,reine Victoria,Q9439,PER,Q9439,Victoria,,0
GDL-1858-07-12-a-i0002,1501,1512,M. Disraeli,Q82006,PER,Q82006,Benjamin Disraeli,,0
GDL-1858-07-12-a-i0002,3116,3123,Limoges,Q45656,LOC,Q45656,Limoges,,0
GDL-1858-07-12-a-i0002,3162,3170,Bordeaux,Q1479,LOC,Q1479,Bordeaux,,0
GDL-1858-07-12-a-i0002,3812,3843,église en ruines de Sainte-Anne,Q1551966,LOC,Q1551966,église Sainte-Anne de Jérusalem,,0
GDL-1858-07-12-a-i0002,3847,3856,Jérusalem,Q1218,LOC,Q1218,Jérusalem,,0
GDL-1858-07-12-a-i0002,3988,3993,Paris,Q90,LOC,Q90,Paris,,0
GDL-1858-07-12-a-i0002,4127,4169,"M. de Montigny, consul français à Shanghaï",Q2960657,PER,Q2960657,Charles de Montigny,,0
GDL-1858-07-12-a-i0002,4226,4232,Simoda,Q653402,LOC,Q653402,Shimoda,,0
GDL-1858-07-12-a-i0002,4242,4247,Japon,Q17,LOC,Q17,Japon,,0
GDL-1858-07-12-a-i0002,4252,4267,Théâtre-lyrique,Q2601319,ORG,Q2601319,Théâtre-Lyrique,,0
GDL-1858-07-12-a-i0002,4373,4393,Mme Miolhan-Carvalbo,Q1630239,PER,Q1630239,Caroline Miolan-Carvalho,,0
GDL-1858-07-12-a-i0002,4463,4471,Moniteur,Q1410997,PROD,Q1410997,Le Moniteur universel,"```json {""wikipedia_page"":""Le Moniteur universel"", ""wikidata_id"":""Q1410997""} ```",14.675159454345703
GDL-1858-07-12-a-i0002,4830,4841,M. Delangle,Q329134,PER,Q329134,Claude Alphonse Delangle,,0
GDL-1868-10-24-a-i0010,65,70,Paris,Q90,LOC,Q90,Paris,,0
GDL-1868-10-24-a-i0010,135,148,maréchal Niel,Q115701,PER,Q115701,Adolphe Niel,,0
GDL-1868-10-24-a-i0010,221,229,Biarritz,Q132790,LOC,Q132790,Biarritz,,0
GDL-1868-10-24-a-i0010,476,489,maréchal Niel,Q115701,PER,Q115701,Adolphe Niel,,0
GDL-1868-10-24-a-i0010,1236,1249,maréchal Niel,Q115701,PER,Q115701,Adolphe Niel,,0
GDL-1868-10-24-a-i0010,2121,2136,Constitutionnel,Q3221742,PROD,Q3221742,Le Constitutionnel,"Based on the analysis of the input text, the most appropriate Wikidata entity corresponding to the entity tagged with [ENT] is ""Le Constitutionnel"". Therefore, the JSON-formatted answer is: ```json {""wikipedia_page"":""Le Constitutionnel"", ""wikidata_id"":""Q3221742""} ```",12.922334671020508
GDL-1868-10-24-a-i0010,2366,2381,Conslitutionnel,Q3221742,PROD,Q3221742,Le Constitutionnel,"```json {""wikipedia_page"": ""Le Constitutionnel"", ""wikidata_id"": ""Q3221742""} ```",14.137287139892578
GDL-1868-10-24-a-i0010,2449,2457,Biarritz,Q132790,LOC,Q132790,Biarritz,,0
GDL-1868-10-24-a-i0010,2621,2626,Paris,Q90,LOC,Q90,Paris,,0
GDL-1868-10-24-a-i0010,2735,2740,Paris,Q90,LOC,Q90,Paris,,0
GDL-1868-10-24-a-i0010,2808,2828,cimetière Montmartre,Q746647,LOC,Q746647,cimetière de Montmartre,,0
GDL-1868-10-24-a-i0010,2854,2871,général Cavaignac,Q379702,PER,Q379702,Eugène Cavaignac,,0
GDL-1868-10-24-a-i0010,3196,3214,M. Henri Rochefort,Q642060,PER,Q642060,Henri Rochefort,,0
GDL-1868-10-24-a-i0010,3919,3935,Journal de Paris,Q3186842,PROD,Q3186842,Journal de Paris,,0
GDL-1868-10-24-a-i0010,4055,4060,Paris,Q90,LOC,Q90,Paris,,0
GDL-1868-10-24-a-i0010,4572,4577,Paris,Q90,LOC,Q90,Paris,,0
GDL-1868-10-24-a-i0010,5984,5990,Landau,Q7052,LOC,Q7052,Landau in der Pfalz,,0
GDL-1868-10-24-a-i0010,5996,6002,France,Q142,LOC,Q142,France,"Based on the context of the sentence and the list of candidates, the entity referenced between [ENT] tags is the ""France"" as a country. Therefore, the most appropriate Wikidata entity from the list of candidates is: ```json {""wikipedia_page"":""France"", ""wikidata_id"":""Q142""} ```",15.403481483459473
GDL-1868-10-24-a-i0010,6280,6287,Mayence,Q1720,LOC,Q1720,Mayence,,0
GDL-1868-10-24-a-i0010,6356,6372,Journal de Paris,Q3186842,PROD,Q3186842,Journal de Paris,,0
GDL-1868-10-24-a-i0010,6405,6420,M. Yillemessant,Q3136165,PER,Q3136165,Hippolyte de Villemessant,,0
GDL-1868-10-24-a-i0010,6447,6453,Figaro,Q216047,PROD,Q216047,Le Figaro,,0
GDL-1868-10-24-a-i0010,6641,6655,Sainte-Pélagie,Q1641986,LOC,Q1641986,prison Sainte-Pélagie,,0
GDL-1868-10-24-a-i0010,6867,6883,M. Jules Richard,Q4182026,PER,Q4182026,Thomas Jules Richard Maillot,,0
GDL-1868-10-24-a-i0010,7085,7103,M. Edouard Lockroy,Q733836,PER,Q733836,Édouard Lockroy,,0
GDL-1868-10-24-a-i0010,7623,7629,France,Q142,LOC,Q142,France,,0
GDL-1868-10-24-a-i0010,8248,8256,Florence,Q2044,LOC,Q2044,Florence,,0
GDL-1868-10-24-a-i0010,8298,8306,Cagliari,Q1897,LOC,Q1897,Cagliari,,0
GDL-1868-10-24-a-i0010,8330,8336,Berlin,Q64,LOC,Q64,Berlin,,0
GDL-1868-10-24-a-i0010,9010,9016,Berlin,Q64,LOC,Q64,Berlin,,0
GDL-1868-10-24-a-i0010,9040,9046,Suisse,Q39,LOC,Q39,Suisse,,0
GDL-1868-10-24-a-i0010,9133,9139,Prague,Q1085,LOC,Q1085,Prague,,0
GDL-1868-10-24-a-i0010,9234,9240,Bohême,Q39193,LOC,Q39193,Bohême,,0
GDL-1868-10-24-a-i0010,9305,9311,Prague,Q1085,LOC,Q1085,Prague,,0
GDL-1868-10-24-a-i0010,9611,9628,Gazette de Vienne,Q697173,PROD,Q697173,Wiener Zeitung,,0
GDL-1868-10-24-a-i0010,9729,9737,Gallicie,Q180086,LOC,Q180086,Galicie,,0
GDL-1868-10-24-a-i0010,9790,9800,Reichsrath,Q697775,ORG,Q697775,Reichsrat,,0
GDL-1868-10-24-a-i0010,10205,10220,comte de Taaffe,Q550748,PER,Q550748,Eduard Taaffe,"```json { ""wikipedia_page"": ""Eduard Taaffe"", ""wikidata_id"": ""Q550748"" } ```",13.405525207519531
GDL-1868-10-24-a-i0010,10311,10317,Europe,Q46,LOC,Q46,Europe,,0
GDL-1868-10-24-a-i0010,10462,10469,M. Deak,Q508823,PER,Q508823,Ferenc Deák,,0
GDL-1868-10-24-a-i0010,10590,10596,Vienne,Q1741,LOC,Q1741,Vienne,,0
GDL-1868-10-24-a-i0010,10959,10965,Bohême,Q39193,LOC,Q39193,Bohême,,0
GDL-1868-10-24-a-i0010,11508,11514,Havane,Q1563,LOC,Q1563,La Havane,,0
GDL-1868-10-24-a-i0010,11600,11611,île de Cuba,Q241,LOC,Q241,Cuba,,0
GDL-1878-12-20-a-i0026,0,8,LAUSANNE,Q807,LOC,Q807,Lausanne,,0
GDL-1878-12-20-a-i0026,231,239,Lausanne,Q807,LOC,Q807,Lausanne,,0
GDL-1878-12-20-a-i0026,534,542,Lausanne,Q807,LOC,Q807,Lausanne,,0
GDL-1878-12-20-a-i0026,548,553,Berne,Q70,LOC,Q70,Berne,,0
GDL-1878-12-20-a-i0026,833,838,Berne,Q70,LOC,Q70,Berne,,0
GDL-1878-12-20-a-i0026,915,923,Lausanne,Q807,LOC,Q807,Lausanne,,0
GDL-1878-12-20-a-i0026,1004,1009,Berne,Q70,LOC,Q70,Berne,,0
GDL-1878-12-20-a-i0026,1103,1109,Moudon,Q70202,LOC,Q70202,Moudon,,0
GDL-1878-12-20-a-i0026,1142,1152,Chàtillens,Q678690,LOC,Q678690,Châtillens,,0
GDL-1878-12-20-a-i0026,1408,1413,Berne,Q70,LOC,Q70,Berne,,0
GDL-1878-12-20-a-i0026,1423,1431,Lausanne,Q807,LOC,Q807,Lausanne,,0
GDL-1878-12-20-a-i0026,2035,2046,le Bouveret,Q675700,LOC,Q675700,Bouveret,,0
GDL-1878-12-20-a-i0026,2050,2063,Saint-Maurice,Q69545,LOC,Q69545,Saint-Maurice,,0
GDL-1878-12-20-a-i0026,2145,2153,Evionnaz,Q70163,LOC,Q70163,Evionnaz,,0
GDL-1878-12-20-a-i0026,2230,2240,St-Triphon,Q2678646,LOC,Q2678646,Saint-Triphon,,0
GDL-1878-12-20-a-i0026,2309,2315,Jougne,Q923421,LOC,Q923421,Jougne,,0
GDL-1878-12-20-a-i0026,2401,2406,Paris,Q90,LOC,Q90,Paris,"```json { ""wikipedia_page"": ""Paris"", ""wikidata_id"": ""Q90"" } ```",13.93403434753418
GDL-1878-12-20-a-i0026,2682,2698,gare de Lausanne,Q669678,LOC,Q669678,Lausanne,,0
GDL-1888-12-07-a-i0003,55,60,Paris,Q90,LOC,Q90,Paris,,0
GDL-1888-12-07-a-i0003,214,216,S.,NIL,PER,NIL,S.,"```json { ""wikipedia_page"": ""NIL"", ""wikidata_id"": ""NIL"" } ```",0
GDL-1888-12-07-a-i0003,280,288,Ardennes,Q3164,LOC,Q3164,Ardennes,,0
GDL-1888-12-07-a-i0003,475,492,général Boulanger,Q315747,PER,Q315747,Georges Boulanger,,0
GDL-1888-12-07-a-i0003,754,762,Ardennes,Q3164,LOC,Q3164,Ardennes,,0
GDL-1888-12-07-a-i0003,976,987,rue de Sèze,Q3451070,LOC,Q3451070,rue de Sèze,,0
GDL-1888-12-07-a-i0003,1064,1075,M. Michelin,Q3131641,PER,Q3131641,Henri Michelin,,0
GDL-1888-12-07-a-i0003,1593,1610,général Boulanger,Q315747,PER,Q315747,Georges Boulanger,,0
GDL-1888-12-07-a-i0003,1951,1963,Arthur Meyer,Q2865261,PER,Q2865261,Arthur Meyer,,0
GDL-1888-12-07-a-i0003,2041,2053,MM. Laguerre,Q3103015,PER,Q3103015,Jean Henri Georges Laguerre,,0
GDL-1888-12-07-a-i0003,2065,2072,Laisant,Q25318,PER,Q25318,Charles-Ange Laisant,,0
GDL-1888-12-07-a-i0003,2074,2081,Vergoin,Q3301498,PER,Q3301498,Maurice Vergoin,,0
GDL-1888-12-07-a-i0003,2245,2262,général Boulanger,Q315747,PER,Q315747,Georges Boulanger,,0
GDL-1888-12-07-a-i0003,2454,2462,Ardennes,Q3164,LOC,Q3164,Ardennes,,0
GDL-1888-12-07-a-i0003,2516,2521,Somme,Q12770,LOC,Q12770,Somme,,0
GDL-1888-12-07-a-i0003,2646,2657,rue de Sèze,Q3451070,LOC,Q3451070,rue de Sèze,,0
GDL-1888-12-07-a-i0003,2979,2988,M. Wilson,Q3014816,PER,Q3014816,Daniel Wilson,,0
GDL-1888-12-07-a-i0003,3196,3204,M. Grévy,Q296083,PER,Q296083,Jules Grévy,,0
GDL-1888-12-07-a-i0003,3275,3289,M. Veil-Picard,Q3065562,PER,Q3065562,famille Veil-Picard,,0
GDL-1888-12-07-a-i0003,3568,3577,M. Wilson,Q3014816,PER,Q3014816,Daniel Wilson,"{""wikipedia_page"": ""Daniel Wilson"", ""wikidata_id"": ""Q3014816""}",12.67254638671875
GDL-1888-12-07-a-i0003,3755,3774,boulevard Haussmann,Q895076,LOC,Q895076,boulevard Haussmann,,0
GDL-1888-12-07-a-i0003,3958,3963,Seine,Q1142326,LOC,Q1142326,Seine,,0
GDL-1888-12-07-a-i0003,3983,3993,M. Floquet,Q471311,PER,Q471311,Charles Floquet,,0
GDL-1888-12-07-a-i0003,4358,4373,rue Saint-Denis,Q2174628,LOC,Q2174628,rue Saint-Denis,,0
GDL-1898-06-27-a-i0011,22,27,BERNE,Q70,LOC,Q70,Berne,,0
GDL-1898-06-27-a-i0011,147,177,"M. Hirter, conseiller national",Q1641554,PER,Q1641554,Johann Daniel Hirter,,0
GDL-1898-06-27-a-i0011,738,753,Suisse centrale,Q30978,LOC,Q30978,Suisse centrale,,0
GDL-1898-06-27-a-i0011,765,775,Interlaken,Q68103,LOC,Q68103,Interlaken,,0
GDL-1898-06-27-a-i0011,990,997,ARGOVIE,Q11972,LOC,Q11972,canton d'Argovie,,0
GDL-1898-06-27-a-i0011,1080,1091,Rheinfelden,Q269667,LOC,Q269667,Rheinfelden,,0
GDL-1898-06-27-a-i0011,1359,1365,VALAIS,Q834,LOC,Q834,canton du Valais,"```json { ""wikipedia_page"": ""canton du Valais"", ""wikidata_id"": ""Q834"" } ```",14.152616500854492
GDL-1898-06-27-a-i0011,1386,1390,Sion,Q68136,LOC,Q68136,Sion,,0
GDL-1898-06-27-a-i0011,2326,2332,GENÈVE,Q71,LOC,Q71,Genève,,0
GDL-1898-06-27-a-i0011,2373,2381,Jonction,Q3209888,LOC,Q3209888,La Jonction,,0
GDL-1898-06-27-a-i0011,2506,2512,Genève,Q71,LOC,Q71,Genève,,0
GDL-1898-06-27-a-i0011,2563,2569,Genève,Q71,LOC,Q71,Genève,,0
GDL-1898-06-27-a-i0011,2599,2605,Genève,Q71,LOC,Q71,Genève,,0
GDL-1898-06-27-a-i0011,2636,2644,Lausanne,Q807,LOC,Q807,Lausanne,,0
GDL-1908-06-09-a-i0014,0,20,CONFÉDÉRATION SUISSE,Q39,LOC,Q39,Suisse,,0
GDL-1908-06-09-a-i0014,55,59,Bâle,Q78,LOC,Q78,Bâle,,0
GDL-1908-06-09-a-i0014,363,369,Suisse,Q39,LOC,Q39,Suisse,,0
GDL-1908-06-09-a-i0014,661,668,Bernina,Q277177,LOC,Q277177,ligne de la Bernina,,0
GDL-1908-06-09-a-i0014,904,910,Tirano,Q40868,LOC,Q40868,Tirano,,0
GDL-1908-06-09-a-i0014,914,923,Poschiavo,Q69503,LOC,Q69503,Poschiavo,,0
GDL-1908-06-09-a-i0014,1172,1180,Lausanne,Q807,LOC,Q807,Lausanne,,0
GDL-1908-06-09-a-i0014,1251,1255,Bâle,Q78,LOC,Q78,Bâle,,0
GDL-1908-06-09-a-i0014,1313,1324,Winterthour,Q9125,LOC,Q9125,Winterthour,,0
GDL-1908-06-09-a-i0014,1664,1669,Righi,Q15291,LOC,Q15291,Rigi,,0
GDL-1908-06-09-a-i0014,1671,1677,Sœntis,Q15224,LOC,Q15224,Säntis,,0
GDL-1908-06-09-a-i0014,1823,1832,Allemagne,Q183,LOC,Q183,Allemagne,,0
GDL-1908-06-09-a-i0014,1834,1839,Berne,Q70,LOC,Q70,Berne,,0
GDL-1908-06-09-a-i0014,1873,1882,Allemagne,Q183,LOC,Q183,Allemagne,,0
GDL-1908-06-09-a-i0014,2277,2283,Suisse,Q39,LOC,Q39,Suisse,,0
GDL-1908-06-09-a-i0014,3502,3506,Bâle,Q78,LOC,Q78,Bâle,,0
GDL-1908-06-09-a-i0014,3509,3517,Hambourg,Q1055,LOC,Q1055,Hambourg,,0
GDL-1918-05-16-a-i0086,132,140,Parisrlo,Q90,LOC,Q90,Paris,"```json {""wikipedia_page"":""Paris"", ""wikidata_id"":""Q90""} ```",12.280460357666016
GDL-1918-05-16-a-i0086,255,260,Noyon,Q49831,LOC,Q49831,Noyon,,0
GDL-1918-05-16-a-i0086,1025,1033,Londires,Q84,LOC,Q84,Londres,,0
GDL-1918-05-16-a-i0086,1077,1081,Lens,Q165271,LOC,Q165271,Lens,,0
GDL-1918-05-16-a-i0086,1293,1298,Ancre,Q489438,LOC,Q489438,Ancre,,0
GDL-1918-05-16-a-i0086,1311,1319,Bétliuno,Q207145,LOC,Q207145,Béthune,,0
GDL-1918-05-16-a-i0086,1411,1422,Morlancourt,Q639056,LOC,Q639056,Morlancourt,,0
GDL-1918-05-16-a-i0086,1446,1453,Londres,Q84,LOC,Q84,Londres,,0
GDL-1918-05-16-a-i0086,1567,1575,Flandres,Q234,LOC,Q234,Flandre,,0
GDL-1918-05-16-a-i0086,2858,2869,Mont Kemmel,Q209541,LOC,Q209541,mont Kemmel,,0
GDL-1918-05-16-a-i0086,3128,3136,Flandres,Q234,LOC,Q234,Flandre,,0
GDL-1918-05-16-a-i0086,3893,3899,Berlin,Q64,LOC,Q64,Berlin,,0
GDL-1918-05-16-a-i0086,4432,4438,Scarpe,Q1818615,LOC,Q1818615,Scarpe,,0
GDL-1918-05-16-a-i0086,4450,4457,Bucquoy,Q995400,LOC,Q995400,Bucquoy,,0
GDL-1918-05-16-a-i0086,4540,4545,Ancre,Q489438,LOC,Q489438,Ancre,,0
GDL-1918-05-16-a-i0086,4625,4631,Conbie,Q71469,LOC,Q71469,Corbie,,0
GDL-1918-05-16-a-i0086,4835,4852,VJMers-Bretonneux,Q677163,LOC,Q677163,Villers-Bretonneux,,0
GDL-1918-05-16-a-i0086,4966,4970,Avre,Q739893,LOC,Q739893,Avre,,0
GDL-1918-05-16-a-i0086,5257,5263,Calais,Q6454,LOC,Q6454,Calais,,0
GDL-1918-05-16-a-i0086,5265,5274,Dunkerque,Q45797,LOC,Q45797,Dunkerque,,0
GDL-1918-05-16-a-i0086,5406,5412,Vienne,Q1741,LOC,Q1741,Vienne,,0
GDL-1918-05-16-a-i0086,5594,5598,Pola,Q4656,LOC,Q4656,Pula,,0
GDL-1918-05-16-a-i0086,6032,6039,Pasubio,Q699575,LOC,Q699575,Pasubio,,0
GDL-1918-05-16-a-i0086,6077,6095,gare de Pri molano,Q3970614,LOC,Q3970614,Primolano,,0
GDL-1918-05-16-a-i0086,6185,6190,Alano,Q39897,LOC,Q39897,Alano di Piave,"Based on the input text and the list of candidates, the most appropriate Wikidata entity for the entity tagged with [ENT] is: ```json {""wikipedia_page"": ""Alano di Piave"", ""wikidata_id"": ""Q39897""} ``` The text mentions ""Alano"", which corresponds to the commune of ""Alano di Piave"" in Italy.",12.330825805664062
GDL-1918-05-16-a-i0086,6206,6211,Piave,Q213462,LOC,Q213462,Piave,,0
GDL-1918-05-16-a-i0086,6296,6315,région de Soreslano,NIL,LOC,NIL,région de Soreslano,"```json { ""wikipedia_page"": ""Soreslano"", ""wikidata_id"": ""Q425625"" } ```",0
GDL-1918-05-16-a-i0086,6500,6505,Piave,Q213462,LOC,Q213462,Piave,,0
GDL-1918-05-16-a-i0086,6507,6513,Berlin,Q64,LOC,Q64,Berlin,,0
GDL-1918-05-16-a-i0086,6609,6615,Kemmel,Q1024880,LOC,Q1024880,Kemmel,,0
GDL-1918-05-16-a-i0086,6757,6764,Moreuil,Q115426,LOC,Q115426,Moreuil,,0
GDL-1928-12-01-a-i0015,101,107,Moscou,Q649,LOC,Q649,Moscou,,0
GDL-1928-12-01-a-i0015,310,316,Russie,Q159,LOC,Q159,Russie,,0
GDL-1928-12-01-a-i0015,410,426,Union soviétique,Q15180,LOC,Q15180,Union soviétique,,0
GDL-1928-12-01-a-i0015,564,571,Balkans,Q23522,LOC,Q23522,Balkans,,0
GDL-1928-12-01-a-i0015,1059,1065,Berlin,Q64,LOC,Q64,Berlin,,0
GDL-1928-12-01-a-i0015,1197,1203,Moscou,Q649,LOC,Q649,Moscou,,0
GDL-1928-12-01-a-i0015,1534,1543,Allemagne,Q183,LOC,Q183,Allemagne,,0
GDL-1928-12-01-a-i0015,1704,1710,Moscou,Q649,LOC,Q649,Moscou,,0
GDL-1928-12-01-a-i0015,1715,1721,Berlin,Q64,LOC,Q64,Berlin,,0
GDL-1928-12-01-a-i0015,1944,1958,M. 'Bain ville,Q966894,PER,Q966894,Jacques Bainville,,0
GDL-1928-12-01-a-i0015,2175,2193,président Coolidge,Q36023,PER,Q36023,Calvin Coolidge,,0
GDL-1928-12-01-a-i0015,2216,2229,M. Streeemann,Q103955,PER,Q103955,Gustav Stresemann,"```json { ""wikipedia_page"": ""Gustav Stresemann"", ""wikidata_id"": ""Q103955"" } ```",13.928208351135254
GDL-1928-12-01-a-i0015,2346,2355,Allemagne,Q183,LOC,Q183,Allemagne,,0
GDL-1928-12-01-a-i0015,2410,2420,Etats-Unis,Q30,LOC,Q30,États-Unis,,0
GDL-1928-12-01-a-i0015,2500,2509,Allemagne,Q183,LOC,Q183,Allemagne,,0
GDL-1928-12-01-a-i0015,2565,2573,New-York,Q60,LOC,Q60,New York,,0
GDL-1928-12-01-a-i0015,2576,2582,Berlin,Q64,LOC,Q64,Berlin,,0
GDL-1928-12-01-a-i0015,2592,2597,Paris,Q90,LOC,Q90,Paris,,0
GDL-1928-12-01-a-i0015,2603,2610,Londres,Q84,LOC,Q84,Londres,,0
GDL-1928-12-01-a-i0015,2630,2638,New-York,Q60,LOC,Q60,New York,,0
GDL-1928-12-01-a-i0015,2703,2709,Harvey,Q93128,PER,Q93128,William Harvey,,0
GDL-1928-12-01-a-i0015,2769,2777,New-York,Q60,LOC,Q60,New York,,0
GDL-1938-04-22-a-i0048,133,139,Italie,Q38,LOC,Q38,Italie,,0
GDL-1938-04-22-a-i0048,390,396,Italie,Q38,LOC,Q38,Italie,,0
GDL-1938-04-22-a-i0048,608,614,France,Q142,LOC,Q142,France,,0
GDL-1938-04-22-a-i0048,901,907,Italie,Q38,LOC,Q38,Italie,,0
GDL-1938-04-22-a-i0048,1362,1368,Italie,Q38,LOC,Q38,Italie,,0
GDL-1938-04-22-a-i0048,1749,1755,Suisse,Q39,LOC,Q39,Suisse,,0
GDL-1938-04-22-a-i0048,1770,1776,Italie,Q38,LOC,Q38,Italie,,0
GDL-1938-04-22-a-i0048,2248,2254,Italie,Q38,LOC,Q38,Italie,,0
GDL-1938-04-22-a-i0048,2376,2382,Valais,Q834,LOC,Q834,canton du Valais,,0
GDL-1938-04-22-a-i0048,2585,2600,Italie fasciste,Q48742118,LOC,Q48742118,Italie fasciste,,0
GDL-1938-04-22-a-i0048,2720,2726,Italie,Q38,LOC,Q38,Italie,,0
GDL-1938-04-22-a-i0048,2974,2996,libéralisme économique,Q729119,PROD,Q729119,libéralisme économique,,0
GDL-1938-10-12-a-i0095,49,54,Paris,Q90,LOC,Q90,Paris,,0
GDL-1938-10-12-a-i0095,112,118,Europe,Q46,LOC,Q46,Europe,,0
GDL-1938-10-12-a-i0095,179,196,chancelier Hitler,Q352,PER,Q352,Adolf Hitler,,0
GDL-1938-10-12-a-i0095,199,209,Sarrebruck,Q1724,LOC,Q1724,Sarrebruck,,0
GDL-1938-10-12-a-i0095,294,303,Allemagne,Q183,LOC,Q183,Allemagne,,0
GDL-1938-10-12-a-i0095,498,504,Italie,Q38,LOC,Q38,Italie,,0
GDL-1938-10-12-a-i0095,559,565,Berlin,Q64,LOC,Q64,Berlin,,0
GDL-1938-10-12-a-i0095,566,570,Rome,Q220,LOC,Q220,Rome,,0
GDL-1938-10-12-a-i0095,608,618,MM. Hitler,Q352,PER,Q352,Adolf Hitler,,0
GDL-1938-10-12-a-i0095,622,631,Mussolini,Q23559,PER,Q23559,Benito Mussolini,,0
GDL-1938-10-12-a-i0095,845,855,Sarrebruck,Q1724,LOC,Q1724,Sarrebruck,,0
GDL-1938-10-12-a-i0095,912,916,Rome,Q220,LOC,Q220,Rome,,0
GDL-1938-10-12-a-i0095,970,976,Munich,Q1726,LOC,Q1726,Munich,,0
GDL-1938-10-12-a-i0095,1029,1035,Berlin,Q64,LOC,Q64,Berlin,,0
GDL-1938-10-12-a-i0095,1039,1043,Rome,Q220,LOC,Q220,Rome,,0
GDL-1938-10-12-a-i0095,1381,1389,Ethiopie,Q115,LOC,Q115,Éthiopie,,0
GDL-1938-10-12-a-i0095,1397,1407,Angleterre,Q21,LOC,Q21,Angleterre,,0
GDL-1938-10-12-a-i0095,1455,1467,Méditerranée,Q4918,LOC,Q4918,mer Méditerranée,,0
GDL-1948-07-15-a-i0035,53,58,AIGLE,Q43195,LOC,Q43195,Aigle,,0
GDL-1948-07-15-a-i0035,105,110,Aigle,Q43195,LOC,Q43195,Aigle,,0
GDL-1948-07-15-a-i0035,2034,2039,C. P.,NIL,PER,NIL,C. P.,"```json {""wikipedia_page"": ""NIL"", ""wikidata_id"": ""NIL""} ```",0
GDL-1948-07-15-a-i0035,2515,2531,La Tour de Peilz,Q69721,LOC,Q69721,La Tour-de-Peilz,,0
GDL-1948-07-15-a-i0035,2566,2589,M. le syndic Sollberger,Q2960241,PER,Q2960241,Charles Sollberger,,0
GDL-1948-07-15-a-i0035,2696,2699,Bex,Q52261,LOC,Q52261,Bex,,0
GDL-1948-07-15-a-i0035,2811,2817,RENENS,Q69745,LOC,Q69745,Renens,,0
GDL-1948-07-15-a-i0035,2849,2854,C. P.,NIL,PER,NIL,C. P.,"```json {""wikipedia_page"": ""NIL"", ""wikidata_id"": ""NIL""} ```",0
GDL-1948-07-15-a-i0035,3053,3061,Ecublens,Q69716,LOC,Q69716,Ecublens,,0
GDL-1948-07-15-a-i0035,3071,3079,Crissier,Q57121,LOC,Q57121,Crissier,,0
GDL-1948-07-15-a-i0035,3242,3250,Ecublens,Q69716,LOC,Q69716,Ecublens,,0
GDL-1948-07-15-a-i0035,3252,3260,Crissier,Q57121,LOC,Q57121,Crissier,,0
GDL-1948-12-11-a-i0039,266,270,Vaud,Q12771,LOC,Q12771,canton de Vaud,,0
GDL-1958-07-29-a-i0071,146,159,Confédération,Q39,LOC,Q39,Suisse,,0
GDL-1958-07-29-a-i0071,223,270,Département fédéral des finances et des douanes,Q662317,ORG,Q662317,Département fédéral des finances,,0
GDL-1968-05-30-a-i0128,63,70,LONDRES,Q84,LOC,Q84,Londres,,0
GDL-1968-05-30-a-i0128,153,156,BRI,Q309195,ORG,Q309195,Banque des règlements internationaux,,0
GDL-1968-05-30-a-i0128,158,194,Banque des Règlements Internationaux,Q309195,ORG,Q309195,Banque des règlements internationaux,,0
GDL-1968-05-30-a-i0128,345,348,BRI,Q309195,ORG,Q309195,Banque des règlements internationaux,,0
GDL-1968-05-30-a-i0128,368,384,Banque de France,Q806950,ORG,Q806950,Banque de France,,0
GDL-1968-05-30-a-i0128,567,573,Europe,Q46,LOC,Q46,Europe,,0
GDL-1968-11-02-a-i0267,29,40,Paul Morand,Q272,PER,Q272,Paul Morand,,0
GDL-1968-11-02-a-i0267,46,64,Académie française,Q161806,ORG,Q161806,Académie française,,0
GDL-1968-11-02-a-i0267,105,116,Paul Morand,Q272,PER,Q272,Paul Morand,,0
GDL-1968-11-02-a-i0267,164,181,Jean Schlumberger,Q322520,PER,Q322520,Jean Schlumberger,,0
GDL-1968-11-02-a-i0267,297,309,Schlumberger,Q322520,PER,Q322520,Jean Schlumberger,,0
GDL-1968-11-02-a-i0267,327,351,Nouvelle Revue Française,Q616067,PROD,Q616067,La Nouvelle Revue française,,0
GDL-1968-11-02-a-i0267,355,361,Morand,Q272,PER,Q272,Paul Morand,,0
GDL-1968-11-02-a-i0267,456,462,Morand,Q272,PER,Q272,Paul Morand,,0
GDL-1968-11-02-a-i0267,590,601,Tour Eiffel,Q243,LOC,Q243,tour Eiffel,,0
GDL-1968-11-02-a-i0267,1338,1344,Morand,Q272,PER,Q272,Paul Morand,,0
GDL-1968-11-02-a-i0267,1377,1384,Paulhan,Q470557,PER,Q470557,Jean Paulhan,,0
GDL-1968-11-02-a-i0267,1400,1406,Proust,Q7199,PER,Q7199,Marcel Proust,,0
GDL-1968-11-02-a-i0267,1799,1810,Paul Morand,Q272,PER,Q272,Paul Morand,,0
GDL-1968-11-02-a-i0267,1826,1837,Tour Eiffel,Q243,LOC,Q243,tour Eiffel,,0
GDL-1968-11-02-a-i0267,2165,2182,Jean Schlumberger,Q322520,PER,Q322520,Jean Schlumberger,,0
GDL-1968-11-02-a-i0267,2262,2279,Jean Schlumberger,Q322520,PER,Q322520,Jean Schlumberger,,0
GDL-1968-11-02-a-i0267,2373,2382,Gallimard,Q273819,ORG,Q273819,Éditions Gallimard,,0
GDL-1968-11-02-a-i0267,3252,3256,Gide,Q47484,PER,Q47484,André Gide,,0
GDL-1968-11-02-a-i0267,3260,3274,Martin du Gard,Q129155,PER,Q129155,Roger Martin du Gard,,0
GDL-1968-11-02-a-i0267,3326,3329,NRF,Q616067,ORG,Q616067,La Nouvelle Revue française,,0
GDL-1968-11-02-a-i0267,3359,3374,Edmond Gilliard,Q3047840,PER,Q3047840,Edmond Gilliard,,0
GDL-1968-11-02-a-i0267,3399,3414,Cahiers vaudois,Q15695408,PROD,Q15695408,Cahiers vaudois,,0
GDL-1968-11-02-a-i0267,3435,3440,Ramuz,Q123635,PER,Q123635,Charles Ferdinand Ramuz,,0
GDL-1968-11-02-a-i0267,3553,3577,quartier de Pucnte Vjeja,NIL,LOC,NIL,quartier de Pucnte Vjeja,"Based on the provided input text and the list of candidates, the entity tagged between the [ENT] tags appears to be ""Pucnte Vjeja"" and ""Los Pacificos."" After analyzing the text and the candidates, it seems that neither ""Pucnte Vjeja"" nor ""Los Pacificos"" directly match any of the provided candidates with high confidence. Therefore, the entity is best classified with a NIL value. Here is the JSON response: ```json { ""wikipedia_page"": ""NIL"", ""wikidata_id"": ""NIL"" } ```",0
GDL-1968-11-02-a-i0267,3681,3694,Gonzalo Arias,Q3699081,PER,Q3699081,Gonzalo Arias,,0
GDL-1968-11-02-a-i0267,3879,3885,Martin,NIL,PER,NIL,Martin,"```json { ""wikipedia_page"": """", ""wikidata_id"": ""NIL"" } ```",0
GDL-1968-11-02-a-i0267,4087,4122,général Tranco sauveur de la patrie,NIL,PER,NIL,général Tranco sauveur de la patrie,"```json { ""wikipedia_page"": ""NIL"", ""wikidata_id"": ""NIL"" } ``` ```",0
GDL-1968-11-02-a-i0267,4657,4665,Le Monde,Q12461,PROD,Q12461,Le Monde,,0
GDL-1968-11-02-a-i0267,4681,4688,Espagne,Q29,LOC,Q29,Espagne,,0
GDL-1968-11-02-a-i0267,4761,4767,Madrid,Q2807,LOC,Q2807,Madrid,,0
GDL-1968-11-02-a-i0267,4818,4870,"M. Gonzalo Arias, fonctionnaire de ! Unesco, à Paris",Q3699081,PER,Q3699081,Gonzalo Arias,"Based on the provided text, the entity mentioned between the [ENT] tags is ""Gonzalo Arias"". Given the list of candidates, the most appropriate Wikidata entity is: ```json { ""wikipedia_page"": ""Gonzalo Arias"", ""wikidata_id"": ""Q3699081"" } ```",11.493711471557617
GDL-1968-11-02-a-i0267,4945,4964,Jean-Marie Domenach,Q3167641,PER,Q3167641,Jean-Marie Domenach,,0
GDL-1968-11-02-a-i0267,5600,5613,totalitarisme,Q128135,PROD,Q128135,totalitarisme,,0
GDL-1968-11-02-a-i0267,5798,5810,Albin-Michel,Q2190366,ORG,Q2190366,Éditions Albin Michel,,0
GDL-1968-11-02-a-i0267,5872,5900,Armel Guerne. son adaptateur,Q2047594,PER,Q2047594,Armel Guerne,,0
GDL-1968-11-02-a-i0267,6081,6089,Occident,Q160381,LOC,Q160381,civilisation occidentale,,0
GDL-1968-11-02-a-i0267,6190,6198,Kawabata,Q43736,PER,Q43736,Yasunari Kawabata,,0
GDL-1968-11-02-a-i0267,6200,6209,Guy Dunmr,Q3121746,PER,Q3121746,Guy Dumur,,0
GDL-1968-11-02-a-i0267,6346,6354,Sarraute,Q297758,PER,Q297758,Nathalie Sarraute,,0
GDL-1968-11-02-a-i0267,6361,6374,Robbe-Grillet,Q216266,PER,Q216266,Alain Robbe-Grillet,,0
GDL-1968-11-02-a-i0267,6517,6525,Kawabata,Q43736,PER,Q43736,Yasunari Kawabata,,0
GDL-1968-11-02-a-i0267,6633,6641,Kawabata,Q43736,PER,Q43736,Yasunari Kawabata,,0
GDL-1968-11-02-a-i0267,6917,6932,Israélien Agnon,Q133042,PER,Q133042,Samuel Joseph Agnon,,0
GDL-1968-11-02-a-i0267,6945,6967,Guatémaltèque Asturias,Q75603,PER,Q75603,Miguel Ángel Asturias,"Based on the provided text and candidates, the entity mentioned between the [ENT] tags is ""Asturias"". From the list of candidates, the most relevant and highly confident match is: ```json {""wikipedia_page"": ""Miguel Ángel Asturias"", ""wikidata_id"": ""Q75603""} ```",13.420660972595215
GDL-1968-11-02-a-i0267,6982,7008,Japonais Yanusari Kawabata,Q43736,PER,Q43736,Yasunari Kawabata,,0
GDL-1968-11-02-a-i0267,7054,7067,André Malraux,Q151164,PER,Q151164,André Malraux,,0
GDL-1968-11-02-a-i0267,7127,7133,Thonon,Q206165,LOC,Q206165,Thonon-les-Bains,,0
GDL-1968-11-02-a-i0267,7461,7467,Thonon,Q206165,LOC,Q206165,Thonon-les-Bains,,0
GDL-1968-11-02-a-i0267,7629,7639,Jo Trehard,Q3179419,PER,Q3179419,Jo Tréhard,,0
GDL-1968-11-02-a-i0267,7690,7714,Théâtre national de Caen,Q3527622,ORG,Q3527622,théâtre de Caen,,0
GDL-1968-11-02-a-i0267,7770,7775,Paris,Q90,LOC,Q90,Paris,,0
GDL-1968-11-02-a-i0267,7943,7950,Trehard,Q3179419,PER,Q3179419,Jo Tréhard,,0
GDL-1968-11-02-a-i0267,8073,8087,Champs-Elysées,Q550,LOC,Q550,avenue des Champs-Élysées,,0
GDL-1968-11-02-a-i0267,8103,8118,Opéra de Vienne,Q209937,ORG,Q209937,opéra d'État de Vienne,,0
GDL-1968-11-02-a-i0267,8170,8175,Paris,Q90,LOC,Q90,Paris,,0
GDL-1968-11-02-a-i0267,8240,8254,Alwin Nikoldis,Q449880,PER,Q449880,Alwin Nikolais,,0
GDL-1968-11-02-a-i0267,8569,8581,Rauschcnberg,Q164358,PER,Q164358,Robert Rauschenberg,,0
GDL-1968-11-02-a-i0267,8606,8611,Paris,Q90,LOC,Q90,Paris,,0
GDL-1968-11-02-a-i0267,8685,8714,Musée municipal d'art moderne,Q857276,ORG,Q857276,musée d'Art moderne de Paris,,0
GDL-1968-11-02-a-i0267,8755,8767,Rauschenberg,Q164358,PER,Q164358,Robert Rauschenberg,,0
GDL-1968-11-02-a-i0267,8899,8905,Calder,Q151580,PER,Q151580,Alexander Calder,,0
GDL-1968-11-02-a-i0267,8921,8927,Stahly,Q468744,PER,Q468744,François Stahly,,0
GDL-1968-11-02-a-i0267,9087,9093,Jouvet,Q60801,PER,Q60801,Louis Jouvet,,0
GDL-1968-11-02-a-i0267,9109,9118,Giraudoux,Q309974,PER,Q309974,Jean Giraudoux,,0
GDL-1968-11-02-a-i0267,9198,9202,Piaf,Q1631,PER,Q1631,Édith Piaf,,0
GDL-1968-11-02-a-i0267,9216,9228,Raymond Asso,Q2552540,PER,Q2552540,Raymond Asso,,0
GDL-1968-11-02-a-i0267,9246,9258,Raymond Asso,Q2552540,PER,Q2552540,Raymond Asso,,0
GDL-1968-11-02-a-i0267,9337,9344,Montand,Q106057,PER,Q106057,Yves Montand,,0
GDL-1968-11-02-a-i0267,9359,9366,Olympia,Q915451,ORG,Q915451,Olympia,,0
GDL-1968-11-02-a-i0267,9372,9377,Gréco,Q156485,PER,Q156485,Juliette Gréco,,0
GDL-1968-11-02-a-i0267,9391,9397,Bobino,Q888776,ORG,Q888776,Bobino,,0
GDL-1968-11-02-a-i0267,9438,9451,Pierre Perret,Q2093776,PER,Q2093776,Pierre Perret,,0
GDL-1968-11-02-a-i0267,9469,9483,Georges Chelon,Q3102470,PER,Q3102470,Georges Chelon,,0
GDL-1968-11-02-a-i0267,9525,9530,Seine,Q1471,LOC,Q1471,Seine,,0
GDL-1978-06-23-a-i0197,342,349,Londres,Q84,LOC,Q84,Londres,,0
GDL-1978-06-23-a-i0197,356,370,M. Cyrus Vance,Q296661,PER,Q296661,Cyrus Vance,,0
GDL-1978-06-23-a-i0197,414,420,Israël,Q801,LOC,Q801,Israël,,0
GDL-1978-06-23-a-i0197,426,432,Egypte,Q79,LOC,Q79,Égypte,,0
GDL-1978-06-23-a-i0197,582,591,Jérusalem,Q1218,LOC,Q1218,Jérusalem,,0
GDL-1978-06-23-a-i0197,595,603,Le Caire,Q85,LOC,Q85,Le Caire,,0
GDL-1978-06-23-a-i0197,741,749,New York,Q60,LOC,Q60,New York,,0
GDL-1978-06-23-a-i0197,940,950,Etats-Unis,Q30,LOC,Q30,États-Unis,,0
GDL-1978-06-23-a-i0197,1046,1055,M. Sadate,Q42013,PER,Q42013,Anouar el-Sadate,,0
GDL-1978-06-23-a-i0197,1716,1769,"M. Javits, sénateur de New York juif et pro-israèlien",Q1875906,PER,Q1875906,Jacob K. Javits,,0
GDL-1978-06-23-a-i0197,1789,1797,Capitole,Q54109,LOC,Q54109,Capitole des États-Unis,,0
GDL-1978-06-23-a-i0197,1930,1936,Israël,Q801,LOC,Q801,Israël,,0
GDL-1978-06-23-a-i0197,1969,1978,M. Carter,Q23685,PER,Q23685,Jimmy Carter,,0
GDL-1978-06-23-a-i0197,1993,2001,M. Begin,Q130873,PER,Q130873,Menahem Begin,,0
GDL-1978-06-23-a-i0197,2214,2217,USA,Q30,LOC,Q30,États-Unis,,0
GDL-1978-06-23-a-i0197,2250,2256,Israël,Q801,LOC,Q801,Israël,,0
GDL-1978-06-23-a-i0197,2331,2342,Cisjordanie,Q36678,LOC,Q36678,Cisjordanie,,0
GDL-1978-06-23-a-i0197,2365,2371,Israël,Q801,LOC,Q801,Israël,,0
GDL-1978-06-23-a-i0197,2458,2464,Egypte,Q79,LOC,Q79,Égypte,,0
GDL-1978-06-23-a-i0197,2600,2610,Etats-Unis,Q30,LOC,Q30,États-Unis,,0
GDL-1978-06-23-a-i0197,2701,2710,M. Sadate,Q42013,PER,Q42013,Anouar el-Sadate,,0
GDL-1978-06-23-a-i0197,2736,2747,roi Hussein,Q146906,PER,Q146906,Hussein Ier de Jordanie,,0
GDL-1988-07-08-a-i0186,0,26,J 3 ENÈVE Nastassia Kinski,Q76711,PER,Q76711,Nastassja Kinski,"Based on the given text and the provided list of candidates, the entity mentioned between the [ENT] tags is ""Nastassia Kinski"". The most appropriate Wikidata entity from the list of candidates is: ```json {""wikipedia_page"":""Nastassja Kinski"", ""wikidata_id"":""Q76711""} ```",12.498323440551758
GDL-1988-07-08-a-i0186,63,87,actrice Nastassia Kinski,Q76711,PER,Q76711,Nastassja Kinski,,0
GDL-1988-07-08-a-i0186,114,120,Genève,Q71,LOC,Q71,Genève,,0
GDL-1988-07-08-a-i0186,234,275,"Henri Dunant, fondateur de la Croix-Rouge",Q12091,PER,Q12091,Henry Dunant,,0
GDL-1988-07-08-a-i0186,280,303,Conseil d'Etat genevois,Q2546890,ORG,Q2546890,Conseil d'État du canton de Genève,,0
GDL-1988-07-08-a-i0186,398,414,Nastassia Kinski,Q76711,PER,Q76711,Nastassja Kinski,,0
GDL-1988-07-08-a-i0186,600,616,Nastassia Kinski,Q76711,PER,Q76711,Nastassja Kinski,,0
GDL-1988-07-08-a-i0186,694,700,Genève,Q71,LOC,Q71,Genève,,0
GDL-1988-07-08-a-i0186,740,756,Nastassia Kinski,Q76711,PER,Q76711,Nastassja Kinski,,0
GDL-1988-07-08-a-i0186,805,843,Comité International de la Croix-Rouge,Q5987345,ORG,Q5987345,Comité international de la Croix-Rouge,,0
GDL-1988-07-08-a-i0186,845,849,CICR,Q5987345,ORG,Q5987345,Comité international de la Croix-Rouge,,0
GDL-1988-07-08-a-i0186,855,869,Conseil d'Etat,Q2546890,ORG,Q2546890,Conseil d'État du canton de Genève,,0
IMP-1908-10-03-a-i0027,22,28,FRANCE,Q142,LOC,Q142,France,,0
IMP-1908-10-03-a-i0027,114,127,rue du Temple,Q3452610,LOC,Q3452610,rue du Temple,,0
IMP-1908-10-03-a-i0027,137,163,rue Notre-Dame-de-Nazareth,Q3449324,LOC,Q3449324,rue Notre-Dame-de-Nazareth,,0
IMP-1908-10-03-a-i0027,444,463,hôpital Saint-Louis,Q1569396,ORG,Q1569396,hôpital Saint-Louis,,0
IMP-1908-10-03-a-i0027,535,543,Guillard,NIL,PER,NIL,Guillard,"Based on the analysis of the provided text, the entity ""Guillard"" marked by the [ENT] tags is not present with high confidence in the list of candidates. Therefore, the Wikidata ID is set to ""NIL"". ```json {""wikipedia_page"":"""", ""wikidata_id"":""NIL""} ```",0
IMP-1908-10-03-a-i0027,683,692,ALLEMAGNE,Q183,LOC,Q183,Allemagne,"```json { ""wikipedia_page"": ""Allemagne"", ""wikidata_id"": ""Q183"" } ```",11.65239143371582
IMP-1908-10-03-a-i0027,718,728,Magdebourg,Q1733,LOC,Q1733,Magdebourg,,0
IMP-1908-10-03-a-i0027,1314,1323,Allemagne,Q183,LOC,Q183,Allemagne,,0
IMP-1908-10-03-a-i0027,1467,1476,Hambour'g,Q1055,LOC,Q1055,Hambourg,,0
IMP-1908-10-03-a-i0027,3075,3080,Vilna,Q216,LOC,Q216,Vilnius,,0
IMP-1908-10-03-a-i0027,4703,4713,ANGLETERRE,Q21,LOC,Q21,Angleterre,,0
IMP-1908-10-03-a-i0027,4762,4776,Daily _Express,Q610190,PROD,Q610190,Daily Express,,0
IMP-1908-10-03-a-i0027,5028,5038,Angleterre,Q21,LOC,Q21,Angleterre,,0
IMP-1908-10-03-a-i0027,5568,5581,Daily Express,Q610190,PROD,Q610190,Daily Express,,0
IMP-1908-10-03-a-i0027,5815,5823,New-York,Q60,LOC,Q60,New York,,0
IMP-1908-10-03-a-i0027,6044,6063,Banque d'Angleterre,Q183231,ORG,Q183231,banque d'Angleterre,,0
IMP-1938-09-23-a-i0145,49,64,Tchécoslovaquie,Q33946,LOC,Q33946,Tchécoslovaquie,,0
IMP-1938-09-23-a-i0145,70,92,général tchèque Sirovy,Q974542,PER,Q974542,Jan Syrový,,0
IMP-1938-09-23-a-i0145,203,212,Godesberg,Q153260,LOC,Q153260,Bad Godesberg,,0
IMP-1938-09-23-a-i0145,398,404,Berlin,Q64,LOC,Q64,Berlin,,0
IMP-1938-09-23-a-i0145,651,657,Prague,Q1085,LOC,Q1085,Prague,,0
IMP-1938-09-23-a-i0145,763,777,général Sirovy,Q974542,PER,Q974542,Jan Syrový,,0
IMP-1938-09-23-a-i0145,943,949,Prague,Q1085,LOC,Q1085,Prague,,0
IMP-1938-09-23-a-i0145,1072,1078,Hitler,Q352,PER,Q352,Adolf Hitler,,0
IMP-1938-09-23-a-i0145,1439,1453,M. Chamberlain,Q10664,PER,Q10664,Neville Chamberlain,,0
IMP-1938-09-23-a-i0145,1472,1479,Londres,Q84,LOC,Q84,Londres,,0
IMP-1938-09-23-a-i0145,1518,1535,chancelier Hitler,Q352,PER,Q352,Adolf Hitler,"Based on the provided input text and the list of candidates, the [ENT] tags refer to the term ""chancelier Hitler."" The most appropriate Wikidata entity from the list of candidates that matches this term is: - **Wikipedia Page:** Adolf Hitler - **Wikidata ID:** Q352 Therefore, the JSON response is: ```json { ""wikipedia_page"": ""Adolf Hitler"", ""wikidata_id"": ""Q352"" } ```",15.38963508605957
IMP-1938-09-23-a-i0145,1640,1655,Tchécoslovaquie,Q33946,LOC,Q33946,Tchécoslovaquie,,0
IMP-1938-09-23-a-i0145,1674,1680,Oeuvre,Q1880717,PROD,Q1880717,L'Œuvre,"```json {""wikipedia_page"":""L'Œuvre"", ""wikidata_id"":""Q1880717""} ```",10.833962440490723
IMP-1938-09-23-a-i0145,1836,1842,Hitler,Q352,PER,Q352,Adolf Hitler,,0
IMP-1938-09-23-a-i0145,2062,2068,Prague,Q1085,LOC,Q1085,Prague,,0
IMP-1938-09-23-a-i0145,2229,2237,Varsovie,Q270,LOC,Q270,Varsovie,,0
IMP-1938-09-23-a-i0145,2243,2251,Budapest,Q1781,LOC,Q1781,Budapest,,0
IMP-1938-09-23-a-i0145,2490,2497,Londres,Q84,LOC,Q84,Londres,,0
IMP-1938-09-23-a-i0145,2552,2558,Prague,Q1085,LOC,Q1085,Prague,,0
IMP-1938-09-23-a-i0145,2867,2873,Prague,Q1085,LOC,Q1085,Prague,,0
IMP-1938-09-23-a-i0145,3151,3157,Europe,Q46,LOC,Q46,Europe,,0
IMP-1938-09-23-a-i0145,3319,3325,Berlin,Q64,LOC,Q64,Berlin,,0
IMP-1938-09-23-a-i0145,3331,3337,Vienne,Q1741,LOC,Q1741,Vienne,,0
IMP-1938-09-23-a-i0145,3343,3350,Breslau,Q1799,LOC,Q1799,Wrocław,,0
IMP-1938-09-23-a-i0145,3356,3363,Trieste,Q546,LOC,Q546,Trieste,,0
IMP-1938-09-23-a-i0145,3396,3401,Paris,Q90,LOC,Q90,Paris,,0
IMP-1938-09-23-a-i0145,3486,3492,Europe,Q46,LOC,Q46,Europe,,0
IMP-1938-09-23-a-i0145,3497,3506,Allemagne,Q183,LOC,Q183,Allemagne,,0
IMP-1938-09-23-a-i0145,3693,3700,Journal,Q3223697,PROD,Q3223697,Le Journal,"Based on the text provided, the entity mentioned between the [ENT] tags is ""Le Journal"". The most appropriate Wikidata entity from the provided list of candidates is: ```json {""wikipedia_page"": ""Le Journal"", ""wikidata_id"": ""Q3223697""} ```",13.172636032104492
IMP-1938-09-23-a-i0145,3811,3815,Rome,Q220,LOC,Q220,Rome,"```json { ""wikipedia_page"": ""Rome"", ""wikidata_id"": ""Q220"" } ```",15.059070587158203
IMP-1938-09-23-a-i0145,3905,3910,Reich,Q7318,ORG,Q7318,Troisième Reich,"```json { ""wikipedia_page"": ""Troisième Reich"", ""wikidata_id"": ""Q7318"" } ```",12.748313903808594
IMP-1938-09-23-a-i0145,3929,3944,Tchécoslovaquie,Q33946,LOC,Q33946,Tchécoslovaquie,,0
IMP-1938-09-23-a-i0145,4003,4011,Roumanie,Q218,LOC,Q218,Roumanie,,0
IMP-1958-02-28-a-i0106,12,46,M. Paul CHAUDET Conseiller fédéral,Q118284,PER,Q118284,Paul Chaudet,"Based on the given text and the list of candidates, the entity mentioned between the [ENT] tags is ""Paul Chaudet"". The most appropriate Wikidata entity from the list of candidates is: ```json {""wikipedia_page"": ""Paul Chaudet"", ""wikidata_id"": ""Q118284""} ```",14.166969299316406
IMP-1958-02-28-a-i0106,459,473,Giuseppe Motta,Q559892,PER,Q559892,Giuseppe Motta,,0
IMP-1958-02-28-a-i0106,476,493,Rodolphe Rubattel,Q661957,PER,Q661957,Rodolphe Rubattel,,0
IMP-1958-02-28-a-i0106,497,514,Edmond Schulthess,Q118243,PER,Q118243,Edmund Schulthess,,0
IMP-1958-02-28-a-i0106,517,533,Max _Petitnierre,Q664453,PER,Q664453,Max Petitpierre,,0
IMP-1958-02-28-a-i0106,585,600,M. Paul Chaudet,Q118284,PER,Q118284,Paul Chaudet,,0
IMP-1958-02-28-a-i0106,1288,1305,La Chaux-de-Fonds,Q68124,LOC,Q68124,La Chaux-de-Fonds,,0
IMP-1958-02-28-a-i0106,1808,1819,L'IMPARTIAL,Q3204036,PROD,Q3204036,L'Impartial,"```json { ""wikipedia_page"": ""L'Impartial"", ""wikidata_id"": ""Q3204036"" } ```",8.00278377532959
IMP-1988-12-30-a-i0015,75,80,Libye,Q1016,LOC,Q1016,Libye,,0
IMP-1988-12-30-a-i0015,191,241,groupe palestinien dissident Fatah-CR d'Abou Nidal,Q1638579,ORG,Q1638579,Fatah-Conseil révolutionnaire,,0
IMP-1988-12-30-a-i0015,417,425,Benghazi,Q40816,LOC,Q40816,Benghazi,,0
IMP-1988-12-30-a-i0015,427,432,Libye,Q1016,LOC,Q1016,Libye,,0
IMP-1988-12-30-a-i0015,493,500,Tripoli,Q3579,LOC,Q3579,Tripoli,,0
IMP-1988-12-30-a-i0015,531,564,ambassadeur français Léon Bouvier,Q3270771,PER,Q3270771,Léon Bouvier,,0
IMP-1988-12-30-a-i0015,614,620,France,Q142,LOC,Q142,France,,0
IMP-1988-12-30-a-i0015,688,694,Istres,Q203759,LOC,Q203759,Istres,,0
IMP-1988-12-30-a-i0015,966,976,M. Bouvier,Q3270771,PER,Q3270771,Léon Bouvier,,0
IMP-1988-12-30-a-i0015,1054,1061,Tripoli,Q3579,LOC,Q3579,Tripoli,,0
IMP-1988-12-30-a-i0015,1205,1227,Jean-Charles Marchiani,Q3164674,PER,Q3164674,Jean-Charles Marchiani,,0
IMP-1988-12-30-a-i0015,1330,1335,Liban,Q822,LOC,Q822,Liban,,0
IMP-1988-12-30-a-i0015,1346,1353,KADHAFI,Q19878,PER,Q19878,Mouammar Kadhafi,,0
IMP-1988-12-30-a-i0015,1357,1374,groupe Abou Nidal,Q1638579,ORG,Q1638579,Fatah-Conseil révolutionnaire,,0
IMP-1988-12-30-a-i0015,1406,1414,Beyrouth,Q3820,LOC,Q3820,Beyrouth,,0
IMP-1988-12-30-a-i0015,1472,1505,dirigeant libyen Mouammar Kadhafi,Q19878,PER,Q19878,Mouammar Kadhafi,,0
IMP-1988-12-30-a-i0015,1679,1687,Beyrouth,Q3820,LOC,Q3820,Beyrouth,,0
IMP-1988-12-30-a-i0015,1748,1754,France,Q142,LOC,Q142,France,,0
IMP-1988-12-30-a-i0015,1798,1801,afp,Q40464,ORG,Q40464,Agence France-Presse,,0
IMP-1998-07-23-a-i0080,0,13,Proche-Orient,Q48214,LOC,Q48214,Proche-Orient,,0
IMP-1998-07-23-a-i0080,70,83,Proche-Orient,Q48214,LOC,Q48214,Proche-Orient,,0
IMP-1998-07-23-a-i0080,198,204,Israël,Q801,LOC,Q801,Israël,,0
IMP-1998-07-23-a-i0080,351,356,Golan,Q83210,LOC,Q83210,plateau du Golan,,0
IMP-1998-07-23-a-i0080,362,367,Syrie,Q858,LOC,Q858,Syrie,,0
IMP-1998-07-23-a-i0080,424,437,Yasser Arafat,Q34211,PER,Q34211,Yasser Arafat,,0
IMP-1998-07-23-a-i0080,457,461,Gaza,Q47492,LOC,Q47492,Gaza,,0
IMP-1998-07-23-a-i0080,585,591,Israël,Q801,LOC,Q801,Israël,,0
IMP-1998-07-23-a-i0080,684,695,Cisjordanie,Q36678,LOC,Q36678,Cisjordanie,,0
IMP-1998-07-23-a-i0080,871,884,Yasser Arafat,Q34211,PER,Q34211,Yasser Arafat,,0
IMP-1998-07-23-a-i0080,985,995,Washington,Q61,LOC,Q61,Washington,,0
IMP-1998-07-23-a-i0080,1037,1048,Cisjordanie,Q36678,LOC,Q36678,Cisjordanie,,0
IMP-1998-07-23-a-i0080,1153,1158,Syrie,Q858,LOC,Q858,Syrie,,0
IMP-1998-07-23-a-i0080,1162,1165,afp,Q40464,ORG,Q40464,Agence France-Presse,,0
IMP-1998-07-23-a-i0080,1166,1172,reuter,Q130879,ORG,Q130879,Reuters,,0
IMP-2008-04-28-a-i0239,0,13,Stéphane Joly,Q2360344,PER,Q2360344,Stéphane Joly,,0
IMP-2008-04-28-a-i0239,104,110,Suisse,Q39,LOC,Q39,Suisse,,0
IMP-2008-04-28-a-i0239,120,133,Stéphane Joly,Q2360344,PER,Q2360344,Stéphane Joly,,0
IMP-2008-04-28-a-i0239,168,176,Hambourg,Q1055,LOC,Q1055,Hambourg,,0
IMP-2008-04-28-a-i0239,236,241,Pékin,Q956,LOC,Q956,Pékin,,0
IMP-2008-04-28-a-i0239,386,394,Breuleux,Q68086,LOC,Q68086,Les Breuleux,,0
IMP-2008-04-28-a-i0239,634,648,Patrick Wieser,Q87462075,PER,Q87462075,Patrick Wieser,,0
IMP-2008-04-28-a-i0239,672,678,Suisse,Q39,LOC,Q39,Suisse,,0
IMP-2008-04-28-a-i0239,864,885,Russe Irina Timofeeva,Q451089,PER,Q451089,Irina Timofeyeva,,0
IMP-2008-04-28-a-i0239,953,978,Kényane Pamela Chepchumba,Q274701,PER,Q274701,Pamela Chepchumba,,0
IMP-2008-04-28-a-i0239,1005,1022,Kényan Abel Kirui,Q1704,PER,Q1704,Abel Kirui,,0
IMP-2008-04-28-a-i0239,1062,1068,Vienne,Q1741,LOC,Q1741,Vienne,,0
IMP-2008-04-28-a-i0239,1118,1143,compatriotes Duncan Kibet,Q922817,PER,Q922817,Duncan Kibet,"Based on the provided text, the entities between [ENT] tags are ""Kényan Duncan Kibet"" and ""Kényan Paul Biwott"". From the list of candidates, ""Duncan Kibet"" and ""Paul Biwott"" are both marathoners from Kenya, matching the descriptions provided. Thus, the correct Wikipedia page titles and Wikidata IDs are: ```json {""wikipedia_page"": ""Duncan Kibet"", ""wikidata_id"": ""Q922817""} ```",14.05051040649414
IMP-2008-04-28-a-i0239,1147,1158,Paul Biwott,Q945837,PER,Q945837,Paul Biwott,,0
IMP-2008-10-17-a-i0019,60,63,BNS,Q597394,ORG,Q597394,Banque nationale suisse,,0
IMP-2008-10-17-a-i0019,87,90,UBS,Q193199,ORG,Q193199,UBS,,0
IMP-2008-10-17-a-i0019,225,248,Banque nationale suisse,Q597394,ORG,Q597394,Banque nationale suisse,,0
IMP-2008-10-17-a-i0019,250,253,BNS,Q597394,ORG,Q597394,Banque nationale suisse,,0
IMP-2008-10-17-a-i0019,258,261,UBS,Q193199,ORG,Q193199,UBS,,0
IMP-2008-10-17-a-i0019,336,339,UBS,Q193199,ORG,Q193199,UBS,,0
IMP-2008-10-17-a-i0019,441,454,Credit Suisse,Q372657,ORG,Q372657,Credit Suisse,,0
IMP-2008-10-17-a-i0019,456,458,CS,Q372657,ORG,Q372657,Credit Suisse,,0
IMP-2008-10-17-a-i0019,585,588,BNS,Q597394,ORG,Q597394,Banque nationale suisse,,0
IMP-2008-10-17-a-i0019,596,601,Berne,Q70,LOC,Q70,Berne,,0
IMP-2008-10-17-a-i0019,665,667,CS,Q372657,ORG,Q372657,Credit Suisse,,0
IMP-2008-10-17-a-i0019,743,762,Philippe Hildebrand,Q116927,PER,Q116927,Philipp Hildebrand,,0
IMP-2008-10-17-a-i0019,1139,1142,BNS,Q597394,ORG,Q597394,Banque nationale suisse,,0
IMP-2008-10-17-a-i0019,1186,1189,UBS,Q193199,ORG,Q193199,UBS,,0
IMP-2008-10-17-a-i0019,1336,1342,Suisse,Q39,LOC,Q39,Suisse,,0
IMP-2008-10-17-a-i0019,1383,1390,Islande,Q189,LOC,Q189,Islande,,0
IMP-2008-10-17-a-i0019,1392,1429,"Jean-Pierre Roth, président de la BNS",Q120468,PER,Q120468,Jean-Pierre Roth,,0
IMP-2008-10-17-a-i0019,1535,1541,Suisse,Q39,LOC,Q39,Suisse,,0
IMP-2008-10-17-a-i0019,1585,1598,Credit Suisse,Q372657,ORG,Q372657,Credit Suisse,,0
IMP-2008-10-17-a-i0019,1637,1640,BNS,Q597394,ORG,Q597394,Banque nationale suisse,,0
IMP-2008-10-17-a-i0019,1703,1719,Jean-Pierre Roth,Q120468,PER,Q120468,Jean-Pierre Roth,,0
IMP-2008-10-17-a-i0019,2444,2447,ats,Q430109,ORG,Q430109,Agence télégraphique suisse,"{""wikipedia_page"":""Agence télégraphique suisse"", ""wikidata_id"":""Q430109""} Explanation: The text mentions ""ats"", which is an abbreviation for ""Agence télégraphique suisse"" (Swiss telegraphic agency). This is a highly confident match with one of the candidates listed.",12.994951248168945
